gameId,gameDateTimeEst,hometeamCity,hometeamName,hometeamId,awayteamCity,awayteamName,awayteamId,homeScore,awayScore,winner,gameType,gameSubtype,gameLabel,gameSubLabel,seriesGameNumber,attendance,arenaId,arenaName,arenaCity,arenaState,officials,gameDate
20801228,2009-04-15 22:30:00,Los Angeles,Clippers,1610612746,Oklahoma City,Thunder,1610612760,85,126,1610612760,Regular Season,,,,,,137,,,,,2009-04-15 22:30:00
20801212,2009-04-13 22:00:00,Portland,Trail Blazers,1610612757,Oklahoma City,Thunder,1610612760,113,83,1610612757,Regular Season,,,,,,51,,,,,2009-04-13 22:00:00
20801193,2009-04-11 20:30:00,Milwaukee,Bucks,1610612749,Oklahoma City,Thunder,1610612760,115,98,1610612749,Regular Season,,,,,,5,,,,,2009-04-11 20:30:00
20801182,2009-04-10 20:00:00,Oklahoma City,Thunder,1610612760,Charlotte,Bobcats,1610612766,84,81,1610612760,Regular Season,,,,,,196,,,,,2009-04-10 20:00:00
20801170,2009-04-08 21:00:00,Denver,Nuggets,1610612743,Oklahoma City,Thunder,1610612760,122,112,1610612743,Regular Season,,,,,,139,,,,,2009-04-08 21:00:00
20801157,2009-04-07 20:00:00,Oklahoma City,Thunder,1610612760,San Antonio,Spurs,1610612759,89,99,1610612759,Regular Season,,,,,,196,,,,,2009-04-07 20:00:00
20801149,2009-04-05 19:00:00,Oklahoma City,Thunder,1610612760,Indiana,Pacers,1610612754,99,117,1610612754,Regular Season,,,,,,196,,,,,2009-04-05 19:00:00
20801129,2009-04-03 20:00:00,Oklahoma City,Thunder,1610612760,Portland,Trail Blazers,1610612757,72,107,1610612757,Regular Season,,,,,,196,,,,,2009-04-03 20:00:00
20801109,2009-03-31 20:30:00,San Antonio,Spurs,1610612759,Oklahoma City,Thunder,1610612760,95,96,1610612760,Regular Season,,,,,,199,,,,,2009-03-31 20:30:00
20801096,2009-03-29 19:00:00,Boston,Celtics,1610612738,Oklahoma City,Thunder,1610612760,103,84,1610612738,Regular Season,,,,,,17,,,,,2009-03-29 19:00:00
20801075,2009-03-27 19:00:00,Toronto,Raptors,1610612761,Oklahoma City,Thunder,1610612760,112,96,1610612761,Regular Season,,,,,,116,,,,,2009-03-27 19:00:00
20801056,2009-03-24 20:00:00,Oklahoma City,Thunder,1610612760,Los Angeles,Lakers,1610612747,89,107,1610612747,Regular Season,,,,,,196,,,,,2009-03-24 20:00:00
20801043,2009-03-22 15:30:00,Minnesota,Timberwolves,1610612750,Oklahoma City,Thunder,1610612760,90,97,1610612760,Regular Season,,,,,,61,,,,,2009-03-22 15:30:00
20801029,2009-03-20 20:00:00,Oklahoma City,Thunder,1610612760,Utah,Jazz,1610612762,94,101,1610612762,Regular Season,,,,,,196,,,,,2009-03-20 20:00:00
20801016,2009-03-18 20:00:00,Oklahoma City,Thunder,1610612760,Chicago,Bulls,1610612741,96,103,1610612741,Regular Season,,,,,,196,,,,,2009-03-18 20:00:00
20800999,2009-03-16 20:00:00,Oklahoma City,Thunder,1610612760,San Antonio,Spurs,1610612759,78,76,1610612760,Regular Season,,,,,,196,,,,,2009-03-16 20:00:00
20800984,2009-03-14 22:00:00,Phoenix,Suns,1610612756,Oklahoma City,Thunder,1610612760,106,95,1610612756,Regular Season,,,,,,2,,,,,2009-03-14 22:00:00
20800963,2009-03-11 21:00:00,Denver,Nuggets,1610612743,Oklahoma City,Thunder,1610612760,112,99,1610612743,Regular Season,,,,,,139,,,,,2009-03-11 21:00:00
20800953,2009-03-10 22:00:00,Sacramento,Kings,1610612758,Oklahoma City,Thunder,1610612760,98,99,1610612760,Regular Season,,,,,,3,,,,,2009-03-10 22:00:00
20800941,2009-03-08 19:00:00,Oklahoma City,Thunder,1610612760,Philadelphia,76ers,1610612755,89,74,1610612760,Regular Season,,,,,,196,,,,,2009-03-08 19:00:00
20800931,2009-03-07 20:00:00,New Orleans,Hornets,1610612740,Oklahoma City,Thunder,1610612760,108,90,1610612740,Regular Season,,,,,,160,,,,,2009-03-07 20:00:00
20800909,2009-03-04 20:00:00,Oklahoma City,Thunder,1610612760,Washington,Wizards,1610612764,88,83,1610612760,Regular Season,,,,,,196,,,,,2009-03-04 20:00:00
20800895,2009-03-02 20:00:00,Oklahoma City,Thunder,1610612760,Dallas,Mavericks,1610612742,96,87,1610612760,Regular Season,,,,,,196,,,,,2009-03-02 20:00:00
20800878,2009-02-28 20:00:00,Memphis,Grizzlies,1610612763,Oklahoma City,Thunder,1610612760,92,99,1610612760,Regular Season,,,,,,242,,,,,2009-02-28 20:00:00
20800870,2009-02-27 20:30:00,Dallas,Mavericks,1610612742,Oklahoma City,Thunder,1610612760,110,108,1610612742,Regular Season,,,,,,193,,,,,2009-02-27 20:30:00
20800846,2009-02-24 20:00:00,Oklahoma City,Thunder,1610612760,Los Angeles,Lakers,1610612747,93,107,1610612747,Regular Season,,,,,,196,,,,,2009-02-24 20:00:00
20800826,2009-02-21 22:30:00,Golden State,Warriors,1610612744,Oklahoma City,Thunder,1610612760,133,120,1610612744,Regular Season,,,,,,71,,,,,2009-02-21 22:30:00
20800819,2009-02-20 21:00:00,Phoenix,Suns,1610612756,Oklahoma City,Thunder,1610612760,140,118,1610612756,Regular Season,,,,,,2,,,,,2009-02-20 21:00:00
20800793,2009-02-17 20:00:00,Oklahoma City,Thunder,1610612760,New Orleans,Hornets,1610612740,98,100,1610612740,Regular Season,,,,,,196,,,,,2009-02-17 20:00:00
20800783,2009-02-11 22:00:00,Portland,Trail Blazers,1610612757,Oklahoma City,Thunder,1610612760,106,92,1610612757,Regular Season,,,,,,51,,,,,2009-02-11 22:00:00
20800772,2009-02-10 22:30:00,Los Angeles,Lakers,1610612747,Oklahoma City,Thunder,1610612760,105,98,1610612747,Regular Season,,,,,,137,,,,,2009-02-10 22:30:00
20800757,2009-02-08 19:00:00,Oklahoma City,Thunder,1610612760,Sacramento,Kings,1610612758,116,113,1610612760,Regular Season,,,,,,196,,,,,2009-02-08 19:00:00
20800739,2009-02-06 20:00:00,Oklahoma City,Thunder,1610612760,Portland,Trail Blazers,1610612757,102,93,1610612760,Regular Season,,,,,,196,,,,,2009-02-06 20:00:00
20800728,2009-02-04 20:00:00,Oklahoma City,Thunder,1610612760,Denver,Nuggets,1610612743,113,114,1610612743,Regular Season,,,,,,196,,,,,2009-02-04 20:00:00
20800705,2009-02-01 15:00:00,Sacramento,Kings,1610612758,Oklahoma City,Thunder,1610612760,122,118,1610612758,Regular Season,,,,,,3,,,,,2009-02-01 15:00:00
20800689,2009-01-30 21:00:00,Utah,Jazz,1610612762,Oklahoma City,Thunder,1610612760,110,90,1610612762,Regular Season,,,,,,15,,,,,2009-01-30 21:00:00
20800674,2009-01-28 20:00:00,Oklahoma City,Thunder,1610612760,Memphis,Grizzlies,1610612763,114,102,1610612760,Regular Season,,,,,,196,,,,,2009-01-28 20:00:00
20800660,2009-01-26 20:00:00,Oklahoma City,Thunder,1610612760,New Jersey,Nets,1610612751,94,85,1610612760,Regular Season,,,,,,196,,,,,2009-01-26 20:00:00
20800639,2009-01-23 22:30:00,Los Angeles,Clippers,1610612746,Oklahoma City,Thunder,1610612760,107,104,1610612746,Regular Season,,,,,,137,,,,,2009-01-23 22:30:00
20800626,2009-01-21 22:30:00,Golden State,Warriors,1610612744,Oklahoma City,Thunder,1610612760,121,122,1610612760,Regular Season,,,,,,71,,,,,2009-01-21 22:30:00
20800600,2009-01-18 19:00:00,Oklahoma City,Thunder,1610612760,Miami,Heat,1610612748,94,104,1610612748,Regular Season,,,,,,196,,,,,2009-01-18 19:00:00
20800585,2009-01-16 20:00:00,Oklahoma City,Thunder,1610612760,Detroit,Pistons,1610612765,89,79,1610612760,Regular Season,,,,,,196,,,,,2009-01-16 20:00:00
20800572,2009-01-14 20:00:00,Oklahoma City,Thunder,1610612760,Utah,Jazz,1610612762,114,93,1610612760,Regular Season,,,,,,196,,,,,2009-01-14 20:00:00
20800555,2009-01-12 19:30:00,New Jersey,Nets,1610612751,Oklahoma City,Thunder,1610612760,103,99,1610612751,Regular Season,,,,,,11,,,,,2009-01-12 19:30:00
20800542,2009-01-10 20:30:00,Chicago,Bulls,1610612741,Oklahoma City,Thunder,1610612760,98,109,1610612760,Regular Season,,,,,,66,,,,,2009-01-10 20:30:00
20800533,2009-01-09 20:00:00,Oklahoma City,Thunder,1610612760,Houston,Rockets,1610612745,96,98,1610612745,Regular Season,,,,,,196,,,,,2009-01-09 20:00:00
20800520,2009-01-07 20:00:00,Minnesota,Timberwolves,1610612750,Oklahoma City,Thunder,1610612760,129,87,1610612750,Regular Season,,,,,,61,,,,,2009-01-07 20:00:00
20800510,2009-01-06 20:00:00,Oklahoma City,Thunder,1610612760,New York,Knicks,1610612752,107,99,1610612760,Regular Season,,,,,,196,,,,,2009-01-06 20:00:00
20800482,2009-01-02 20:00:00,Oklahoma City,Thunder,1610612760,Denver,Nuggets,1610612743,120,122,1610612743,Regular Season,,,,,,196,,,,,2009-01-02 20:00:00
20800471,2008-12-31 20:00:00,Oklahoma City,Thunder,1610612760,Golden State,Warriors,1610612744,107,100,1610612760,Regular Season,,,,,,196,,,,,2008-12-31 20:00:00
20800454,2008-12-29 20:00:00,Oklahoma City,Thunder,1610612760,Phoenix,Suns,1610612756,102,110,1610612756,Regular Season,,,,,,196,,,,,2008-12-29 20:00:00
20800438,2008-12-27 19:00:00,Washington,Wizards,1610612764,Oklahoma City,Thunder,1610612760,104,95,1610612764,Regular Season,,,,,,77,,,,,2008-12-27 19:00:00
20800429,2008-12-26 20:00:00,Detroit,Pistons,1610612765,Oklahoma City,Thunder,1610612760,90,88,1610612765,Regular Season,,,,,,44,,,,,2008-12-26 20:00:00
20800409,2008-12-23 19:00:00,Atlanta,Hawks,1610612737,Oklahoma City,Thunder,1610612760,99,88,1610612737,Regular Season,,,,,,135,,,,,2008-12-23 19:00:00
20800402,2008-12-21 19:00:00,Oklahoma City,Thunder,1610612760,Cleveland,Cavaliers,1610612739,91,102,1610612739,Regular Season,,,,,,196,,,,,2008-12-21 19:00:00
20800386,2008-12-19 20:00:00,Oklahoma City,Thunder,1610612760,Toronto,Raptors,1610612761,91,83,1610612760,Regular Season,,,,,,196,,,,,2008-12-19 20:00:00
20800362,2008-12-16 20:00:00,Oklahoma City,Thunder,1610612760,Los Angeles,Clippers,1610612746,88,98,1610612746,Regular Season,,,,,,196,,,,,2008-12-16 20:00:00
20800349,2008-12-14 19:00:00,San Antonio,Spurs,1610612759,Oklahoma City,Thunder,1610612760,109,104,1610612759,Regular Season,,,,,,199,,,,,2008-12-14 19:00:00
20800341,2008-12-13 20:30:00,Dallas,Mavericks,1610612742,Oklahoma City,Thunder,1610612760,103,99,1610612742,Regular Season,,,,,,193,,,,,2008-12-13 20:30:00
20800317,2008-12-10 20:00:00,Oklahoma City,Thunder,1610612760,Memphis,Grizzlies,1610612763,102,108,1610612763,Regular Season,,,,,,196,,,,,2008-12-10 20:00:00
20800303,2008-12-08 20:00:00,Oklahoma City,Thunder,1610612760,Golden State,Warriors,1610612744,102,112,1610612744,Regular Season,,,,,,196,,,,,2008-12-08 20:00:00
20800288,2008-12-06 19:30:00,Miami,Heat,1610612748,Oklahoma City,Thunder,1610612760,105,99,1610612748,Regular Season,,,,,,146,,,,,2008-12-06 19:30:00
20800276,2008-12-05 19:00:00,Orlando,Magic,1610612753,Oklahoma City,Thunder,1610612760,98,89,1610612753,Regular Season,,,,,,155,,,,,2008-12-05 19:00:00
20800264,2008-12-03 19:00:00,Charlotte,Bobcats,1610612766,Oklahoma City,Thunder,1610612760,103,97,1610612766,Regular Season,,,,,,9,,,,,2008-12-03 19:00:00
20800240,2008-11-29 20:00:00,Memphis,Grizzlies,1610612763,Oklahoma City,Thunder,1610612760,103,111,1610612760,Regular Season,,,,,,242,,,,,2008-11-29 20:00:00
20800230,2008-11-28 20:00:00,Oklahoma City,Thunder,1610612760,Minnesota,Timberwolves,1610612750,103,105,1610612750,Regular Season,,,,,,196,,,,,2008-11-28 20:00:00
20800211,2008-11-26 19:00:00,Cleveland,Cavaliers,1610612739,Oklahoma City,Thunder,1610612760,117,82,1610612739,Regular Season,,,,,,22,,,,,2008-11-26 19:00:00
20800207,2008-11-25 20:00:00,Oklahoma City,Thunder,1610612760,Phoenix,Suns,1610612756,98,99,1610612756,Regular Season,,,,,,196,,,,,2008-11-25 20:00:00
20800191,2008-11-22 20:00:00,New Orleans,Hornets,1610612740,Oklahoma City,Thunder,1610612760,109,97,1610612740,Regular Season,,,,,,160,,,,,2008-11-22 20:00:00
20800180,2008-11-21 21:30:00,Oklahoma City,Thunder,1610612760,New Orleans,Hornets,1610612740,80,105,1610612740,Regular Season,,,,,,196,,,,,2008-11-21 21:30:00
20800165,2008-11-19 20:00:00,Oklahoma City,Thunder,1610612760,Los Angeles,Clippers,1610612746,88,108,1610612746,Regular Season,,,,,,196,,,,,2008-11-19 20:00:00
20800146,2008-11-17 20:00:00,Oklahoma City,Thunder,1610612760,Houston,Rockets,1610612745,89,100,1610612745,Regular Season,,,,,,196,,,,,2008-11-17 20:00:00
20800134,2008-11-15 19:00:00,Philadelphia,76ers,1610612755,Oklahoma City,Thunder,1610612760,110,85,1610612755,Regular Season,,,,,,130,,,,,2008-11-15 19:00:00
20800124,2008-11-14 19:30:00,New York,Knicks,1610612752,Oklahoma City,Thunder,1610612760,116,106,1610612752,Regular Season,,,,,,30,,,,,2008-11-14 19:30:00
20800113,2008-11-12 20:00:00,Oklahoma City,Thunder,1610612760,Orlando,Magic,1610612753,92,109,1610612753,Regular Season,,,,,,196,,,,,2008-11-12 20:00:00
20800093,2008-11-10 19:00:00,Indiana,Pacers,1610612754,Oklahoma City,Thunder,1610612760,107,99,1610612754,Regular Season,,,,,,136,,,,,2008-11-10 19:00:00
20800089,2008-11-09 19:00:00,Oklahoma City,Thunder,1610612760,Atlanta,Hawks,1610612737,85,89,1610612737,Regular Season,,,,,,196,,,,,2008-11-09 19:00:00
20800074,2008-11-07 21:00:00,Utah,Jazz,1610612762,Oklahoma City,Thunder,1610612760,104,97,1610612762,Regular Season,,,,,,15,,,,,2008-11-07 21:00:00
20800059,2008-11-05 20:00:00,Oklahoma City,Thunder,1610612760,Boston,Celtics,1610612738,83,96,1610612738,Regular Season,,,,,,196,,,,,2008-11-05 20:00:00
20800041,2008-11-02 19:00:00,Oklahoma City,Thunder,1610612760,Minnesota,Timberwolves,1610612750,88,85,1610612760,Regular Season,,,,,,196,,,,,2008-11-02 19:00:00
20800035,2008-11-01 20:30:00,Houston,Rockets,1610612745,Oklahoma City,Thunder,1610612760,89,77,1610612745,Regular Season,,,,,,215,,,,,2008-11-01 20:30:00
20800010,2008-10-29 20:00:00,Oklahoma City,Thunder,1610612760,Milwaukee,Bucks,1610612749,87,98,1610612749,Regular Season,,,,,,196,,,,,2008-10-29 20:00:00
10800110,2008-10-24 22:30:00,Los Angeles,Lakers,1610612747,Oklahoma City,Thunder,1610612760,105,94,1610612747,Preseason,,,,,,358,,,,,2008-10-24 22:30:00
10800104,2008-10-23 22:00:00,Phoenix,Suns,1610612756,Oklahoma City,Thunder,1610612760,102,93,1610612756,Preseason,,,,,,2,,,,,2008-10-23 22:00:00
10800038,2008-10-11 22:30:00,Golden State,Warriors,1610612744,Oklahoma City,Thunder,1610612760,122,102,1610612744,Preseason,,,,,,71,,,,,2008-10-11 22:30:00
10800030,2008-10-10 22:00:00,Sacramento,Kings,1610612758,Oklahoma City,Thunder,1610612760,94,85,1610612758,Preseason,,,,,,3,,,,,2008-10-10 22:00:00
10800015,2008-10-08 21:00:00,Minnesota,Timberwolves,1610612750,Oklahoma City,Thunder,1610612760,88,82,1610612750,Preseason,,,,,,172,,,,,2008-10-08 21:00:00
20701230,2008-04-16 22:30:00,Golden State,Warriors,1610612744,Seattle,SuperSonics,1610612760,121,126,1610612760,Regular Season,,,,,,71,,,,,2008-04-16 22:30:00
20701202,2008-04-13 21:00:00,Seattle,SuperSonics,1610612760,Dallas,Mavericks,1610612742,99,95,1610612760,Regular Season,,,,,,72,,,,,2008-04-13 21:00:00
20701185,2008-04-11 20:30:00,San Antonio,Spurs,1610612759,Seattle,SuperSonics,1610612760,95,74,1610612759,Regular Season,,,,,,199,,,,,2008-04-11 20:30:00
20701171,2008-04-09 20:30:00,Houston,Rockets,1610612745,Seattle,SuperSonics,1610612760,103,80,1610612745,Regular Season,,,,,,215,,,,,2008-04-09 20:30:00
20701160,2008-04-08 20:30:00,Dallas,Mavericks,1610612742,Seattle,SuperSonics,1610612760,99,83,1610612742,Regular Season,,,,,,193,,,,,2008-04-08 20:30:00
20701151,2008-04-06 21:00:00,Seattle,SuperSonics,1610612760,Denver,Nuggets,1610612743,151,147,1610612760,Regular Season,,,,,,72,,,,,2008-04-06 21:00:00
20701136,2008-04-04 22:30:00,Seattle,SuperSonics,1610612760,Houston,Rockets,1610612745,66,79,1610612745,Regular Season,,,,,,72,,,,,2008-04-04 22:30:00
20701121,2008-04-02 22:00:00,Seattle,SuperSonics,1610612760,Los Angeles,Clippers,1610612746,84,102,1610612746,Regular Season,,,,,,72,,,,,2008-04-02 22:00:00
20701097,2008-03-30 21:00:00,Seattle,SuperSonics,1610612760,Sacramento,Kings,1610612758,107,120,1610612758,Regular Season,,,,,,72,,,,,2008-03-30 21:00:00
20701083,2008-03-28 22:30:00,Seattle,SuperSonics,1610612760,Charlotte,Bobcats,1610612766,93,96,1610612766,Regular Season,,,,,,72,,,,,2008-03-28 22:30:00
20701068,2008-03-26 22:00:00,Seattle,SuperSonics,1610612760,Washington,Wizards,1610612764,99,104,1610612764,Regular Season,,,,,,72,,,,,2008-03-26 22:00:00
20701050,2008-03-24 22:00:00,Seattle,SuperSonics,1610612760,Portland,Trail Blazers,1610612757,97,84,1610612760,Regular Season,,,,,,72,,,,,2008-03-24 22:00:00
20701037,2008-03-22 21:00:00,Utah,Jazz,1610612762,Seattle,SuperSonics,1610612760,115,101,1610612762,Regular Season,,,,,,15,,,,,2008-03-22 21:00:00
20701027,2008-03-21 22:30:00,Los Angeles,Lakers,1610612747,Seattle,SuperSonics,1610612760,130,105,1610612747,Regular Season,,,,,,137,,,,,2008-03-21 22:30:00
20701014,2008-03-19 22:00:00,Seattle,SuperSonics,1610612760,Phoenix,Suns,1610612756,98,110,1610612756,Regular Season,,,,,,72,,,,,2008-03-19 22:00:00
20700989,2008-03-16 21:00:00,Denver,Nuggets,1610612743,Seattle,SuperSonics,1610612760,168,116,1610612743,Regular Season,,,,,,139,,,,,2008-03-16 21:00:00
20700975,2008-03-14 22:30:00,Seattle,SuperSonics,1610612760,Minnesota,Timberwolves,1610612750,116,121,1610612750,Regular Season,,,,,,72,,,,,2008-03-14 22:30:00
20700954,2008-03-12 19:30:00,Boston,Celtics,1610612738,Seattle,SuperSonics,1610612760,111,82,1610612738,Regular Season,,,,,,17,,,,,2008-03-12 19:30:00
20700947,2008-03-11 19:00:00,Indiana,Pacers,1610612754,Seattle,SuperSonics,1610612760,114,107,1610612754,Regular Season,,,,,,136,,,,,2008-03-11 19:00:00
20700934,2008-03-09 13:00:00,Toronto,Raptors,1610612761,Seattle,SuperSonics,1610612760,114,106,1610612761,Regular Season,,,,,,116,,,,,2008-03-09 13:00:00
20700913,2008-03-07 19:00:00,Philadelphia,76ers,1610612755,Seattle,SuperSonics,1610612760,117,83,1610612755,Regular Season,,,,,,130,,,,,2008-03-07 19:00:00
20700902,2008-03-05 20:00:00,Milwaukee,Bucks,1610612749,Seattle,SuperSonics,1610612760,118,106,1610612749,Regular Season,,,,,,5,,,,,2008-03-05 20:00:00
20700891,2008-03-04 19:30:00,Detroit,Pistons,1610612765,Seattle,SuperSonics,1610612760,100,97,1610612765,Regular Season,,,,,,44,,,,,2008-03-04 19:30:00
20700882,2008-03-02 18:30:00,Minnesota,Timberwolves,1610612750,Seattle,SuperSonics,1610612760,108,111,1610612760,Regular Season,,,,,,61,,,,,2008-03-02 18:30:00
20700869,2008-02-29 22:30:00,Seattle,SuperSonics,1610612760,Miami,Heat,1610612748,93,103,1610612748,Regular Season,,,,,,72,,,,,2008-02-29 22:30:00
20700853,2008-02-27 22:00:00,Seattle,SuperSonics,1610612760,Denver,Nuggets,1610612743,96,138,1610612743,Regular Season,,,,,,72,,,,,2008-02-27 22:00:00
20700844,2008-02-26 22:30:00,Golden State,Warriors,1610612744,Seattle,SuperSonics,1610612760,105,99,1610612744,Regular Season,,,,,,71,,,,,2008-02-26 22:30:00
20700830,2008-02-24 21:00:00,Seattle,SuperSonics,1610612760,Los Angeles,Lakers,1610612747,91,111,1610612747,Regular Season,,,,,,72,,,,,2008-02-24 21:00:00
20700815,2008-02-22 22:30:00,Seattle,SuperSonics,1610612760,Portland,Trail Blazers,1610612757,99,87,1610612760,Regular Season,,,,,,72,,,,,2008-02-22 22:30:00
20700802,2008-02-21 22:30:00,Portland,Trail Blazers,1610612757,Seattle,SuperSonics,1610612760,92,88,1610612757,Regular Season,,,,,,51,,,,,2008-02-21 22:30:00
20700788,2008-02-19 22:00:00,Seattle,SuperSonics,1610612760,Memphis,Grizzlies,1610612763,108,101,1610612760,Regular Season,,,,,,72,,,,,2008-02-19 22:00:00
20700776,2008-02-13 22:00:00,Seattle,SuperSonics,1610612760,Utah,Jazz,1610612762,93,112,1610612762,Regular Season,,,,,,72,,,,,2008-02-13 22:00:00
20700734,2008-02-08 21:00:00,Phoenix,Suns,1610612756,Seattle,SuperSonics,1610612760,103,99,1610612756,Regular Season,,,,,,2,,,,,2008-02-08 21:00:00
20700721,2008-02-06 22:00:00,Sacramento,Kings,1610612758,Seattle,SuperSonics,1610612760,92,105,1610612760,Regular Season,,,,,,3,,,,,2008-02-06 22:00:00
20700706,2008-02-04 22:00:00,Seattle,SuperSonics,1610612760,Chicago,Bulls,1610612741,108,118,1610612741,Regular Season,,,,,,72,,,,,2008-02-04 22:00:00
20700695,2008-02-02 22:00:00,Seattle,SuperSonics,1610612760,New York,Knicks,1610612752,86,85,1610612760,Regular Season,,,,,,72,,,,,2008-02-02 22:00:00
20700677,2008-01-31 22:00:00,Seattle,SuperSonics,1610612760,Cleveland,Cavaliers,1610612739,101,95,1610612760,Regular Season,,,,,,72,,,,,2008-01-31 22:00:00
20700663,2008-01-29 22:00:00,Seattle,SuperSonics,1610612760,San Antonio,Spurs,1610612759,88,85,1610612760,Regular Season,,,,,,72,,,,,2008-01-29 22:00:00
20700651,2008-01-27 21:00:00,Seattle,SuperSonics,1610612760,Sacramento,Kings,1610612758,101,103,1610612758,Regular Season,,,,,,72,,,,,2008-01-27 21:00:00
20700637,2008-01-25 22:30:00,Seattle,SuperSonics,1610612760,Atlanta,Hawks,1610612737,90,99,1610612737,Regular Season,,,,,,72,,,,,2008-01-25 22:30:00
20700620,2008-01-23 22:00:00,Seattle,SuperSonics,1610612760,Houston,Rockets,1610612745,107,109,1610612745,Regular Season,,,,,,72,,,,,2008-01-23 22:00:00
20700600,2008-01-21 14:30:00,Houston,Rockets,1610612745,Seattle,SuperSonics,1610612760,96,89,1610612745,Regular Season,,,,,,215,,,,,2008-01-21 14:30:00
20700591,2008-01-19 21:00:00,Dallas,Mavericks,1610612742,Seattle,SuperSonics,1610612760,111,96,1610612742,Regular Season,,,,,,193,,,,,2008-01-19 21:00:00
20700578,2008-01-18 20:00:00,Memphis,Grizzlies,1610612763,Seattle,SuperSonics,1610612760,124,100,1610612763,Regular Season,,,,,,242,,,,,2008-01-18 20:00:00
20700569,2008-01-16 20:00:00,New Orleans,Hornets,1610612740,Seattle,SuperSonics,1610612760,123,92,1610612740,Regular Season,,,,,,160,,,,,2008-01-16 20:00:00
20700553,2008-01-14 22:00:00,Seattle,SuperSonics,1610612760,Los Angeles,Lakers,1610612747,121,123,1610612747,Regular Season,,,,,,72,,,,,2008-01-14 22:00:00
20700533,2008-01-11 22:30:00,Seattle,SuperSonics,1610612760,Dallas,Mavericks,1610612742,70,90,1610612742,Regular Season,,,,,,72,,,,,2008-01-11 22:30:00
20700512,2008-01-09 19:30:00,New Jersey,Nets,1610612751,Seattle,SuperSonics,1610612760,99,88,1610612751,Regular Season,,,,,,11,,,,,2008-01-09 19:30:00
20700503,2008-01-08 19:00:00,Cleveland,Cavaliers,1610612739,Seattle,SuperSonics,1610612760,95,79,1610612739,Regular Season,,,,,,22,,,,,2008-01-08 19:00:00
20700491,2008-01-06 13:00:00,Washington,Wizards,1610612764,Seattle,SuperSonics,1610612760,108,86,1610612764,Regular Season,,,,,,77,,,,,2008-01-06 13:00:00
20700471,2008-01-03 22:30:00,Phoenix,Suns,1610612756,Seattle,SuperSonics,1610612760,104,96,1610612756,Regular Season,,,,,,2,,,,,2008-01-03 22:30:00
20700456,2007-12-31 22:00:00,Seattle,SuperSonics,1610612760,Philadelphia,76ers,1610612755,90,98,1610612755,Regular Season,,,,,,72,,,,,2007-12-31 22:00:00
20700442,2007-12-29 22:00:00,Seattle,SuperSonics,1610612760,Minnesota,Timberwolves,1610612750,109,90,1610612760,Regular Season,,,,,,72,,,,,2007-12-29 22:00:00
20700421,2007-12-27 22:30:00,Seattle,SuperSonics,1610612760,Boston,Celtics,1610612738,96,104,1610612738,Regular Season,,,,,,72,,,,,2007-12-27 22:30:00
20700407,2007-12-25 20:00:00,Portland,Trail Blazers,1610612757,Seattle,SuperSonics,1610612760,89,79,1610612757,Regular Season,,,,,,51,,,,,2007-12-25 20:00:00
20700390,2007-12-21 22:30:00,Seattle,SuperSonics,1610612760,Toronto,Raptors,1610612761,123,115,1610612760,Regular Season,,,,,,72,,,,,2007-12-21 22:30:00
20700377,2007-12-19 22:00:00,Seattle,SuperSonics,1610612760,New Orleans,Hornets,1610612740,93,107,1610612740,Regular Season,,,,,,72,,,,,2007-12-19 22:00:00
20700349,2007-12-15 21:00:00,Utah,Jazz,1610612762,Seattle,SuperSonics,1610612760,96,75,1610612762,Regular Season,,,,,,15,,,,,2007-12-15 21:00:00
20700334,2007-12-14 20:00:00,Minnesota,Timberwolves,1610612750,Seattle,SuperSonics,1610612760,88,99,1610612760,Regular Season,,,,,,61,,,,,2007-12-14 20:00:00
20700319,2007-12-12 19:30:00,New York,Knicks,1610612752,Seattle,SuperSonics,1610612760,110,117,1610612760,Regular Season,,,,,,30,,,,,2007-12-12 19:30:00
20700311,2007-12-11 20:30:00,Chicago,Bulls,1610612741,Seattle,SuperSonics,1610612760,123,96,1610612741,Regular Season,,,,,,66,,,,,2007-12-11 20:30:00
20700299,2007-12-09 19:00:00,New Orleans,Hornets,1610612740,Seattle,SuperSonics,1610612760,91,88,1610612740,Regular Season,,,,,,160,,,,,2007-12-09 19:00:00
20700286,2007-12-07 22:30:00,Seattle,SuperSonics,1610612760,Milwaukee,Bucks,1610612749,104,98,1610612760,Regular Season,,,,,,72,,,,,2007-12-07 22:30:00
20700272,2007-12-05 22:30:00,Seattle,SuperSonics,1610612760,Los Angeles,Clippers,1610612746,95,88,1610612760,Regular Season,,,,,,72,,,,,2007-12-05 22:30:00
20700248,2007-12-02 21:00:00,Seattle,SuperSonics,1610612760,Golden State,Warriors,1610612744,96,109,1610612744,Regular Season,,,,,,72,,,,,2007-12-02 21:00:00
20700234,2007-11-30 22:30:00,Seattle,SuperSonics,1610612760,Indiana,Pacers,1610612754,95,93,1610612760,Regular Season,,,,,,72,,,,,2007-11-30 22:30:00
20700220,2007-11-28 22:00:00,Seattle,SuperSonics,1610612760,Orlando,Magic,1610612753,94,110,1610612753,Regular Season,,,,,,72,,,,,2007-11-28 22:00:00
20700210,2007-11-27 22:30:00,Los Angeles,Lakers,1610612747,Seattle,SuperSonics,1610612760,106,99,1610612747,Regular Season,,,,,,137,,,,,2007-11-27 22:30:00
20700195,2007-11-25 21:00:00,Seattle,SuperSonics,1610612760,San Antonio,Spurs,1610612759,101,116,1610612759,Regular Season,,,,,,72,,,,,2007-11-25 21:00:00
20700181,2007-11-23 22:30:00,Seattle,SuperSonics,1610612760,New Jersey,Nets,1610612751,93,98,1610612751,Regular Season,,,,,,72,,,,,2007-11-23 22:30:00
20700146,2007-11-19 20:00:00,Memphis,Grizzlies,1610612763,Seattle,SuperSonics,1610612760,125,108,1610612763,Regular Season,,,,,,242,,,,,2007-11-19 20:00:00
20700132,2007-11-17 19:00:00,Charlotte,Bobcats,1610612766,Seattle,SuperSonics,1610612760,100,84,1610612766,Regular Season,,,,,,9,,,,,2007-11-17 19:00:00
20700123,2007-11-16 19:30:00,Atlanta,Hawks,1610612737,Seattle,SuperSonics,1610612760,123,126,1610612760,Regular Season,,,,,,135,,,,,2007-11-16 19:30:00
20700109,2007-11-14 19:30:00,Miami,Heat,1610612748,Seattle,SuperSonics,1610612760,95,104,1610612760,Regular Season,,,,,,146,,,,,2007-11-14 19:30:00
20700097,2007-11-13 19:00:00,Orlando,Magic,1610612753,Seattle,SuperSonics,1610612760,103,76,1610612753,Regular Season,,,,,,155,,,,,2007-11-13 19:00:00
20700091,2007-11-11 21:00:00,Seattle,SuperSonics,1610612760,Detroit,Pistons,1610612765,103,107,1610612765,Regular Season,,,,,,72,,,,,2007-11-11 21:00:00
20700078,2007-11-09 22:30:00,Seattle,SuperSonics,1610612760,Utah,Jazz,1610612762,101,103,1610612762,Regular Season,,,,,,72,,,,,2007-11-09 22:30:00
20700061,2007-11-07 22:00:00,Seattle,SuperSonics,1610612760,Memphis,Grizzlies,1610612763,98,105,1610612763,Regular Season,,,,,,72,,,,,2007-11-07 22:00:00
20700051,2007-11-06 22:00:00,Sacramento,Kings,1610612758,Seattle,SuperSonics,1610612760,104,98,1610612758,Regular Season,,,,,,3,,,,,2007-11-06 22:00:00
20700036,2007-11-04 15:30:00,Los Angeles,Clippers,1610612746,Seattle,SuperSonics,1610612760,115,101,1610612746,Regular Season,,,,,,137,,,,,2007-11-04 15:30:00
20700014,2007-11-01 22:30:00,Seattle,SuperSonics,1610612760,Phoenix,Suns,1610612756,99,106,1610612756,Regular Season,,,,,,72,,,,,2007-11-01 22:30:00
20700011,2007-10-31 22:30:00,Denver,Nuggets,1610612743,Seattle,SuperSonics,1610612760,120,103,1610612743,Regular Season,,,,,,139,,,,,2007-10-31 22:30:00
10700100,2007-10-24 22:00:00,Portland,Trail Blazers,1610612757,Seattle,SuperSonics,1610612760,109,107,1610612757,Preseason,,,,,,51,,,,,2007-10-24 22:00:00
10700093,2007-10-23 22:00:00,Seattle,SuperSonics,1610612760,Golden State,Warriors,1610612744,122,126,1610612744,Preseason,,,,,,72,,,,,2007-10-23 22:00:00
10700078,2007-10-20 22:00:00,Seattle,SuperSonics,1610612760,Houston,Rockets,1610612745,94,117,1610612745,Preseason,,,,,,72,,,,,2007-10-20 22:00:00
10700062,2007-10-18 22:00:00,Los Angeles,Lakers,1610612747,Seattle,SuperSonics,1610612760,126,106,1610612747,Preseason,,,,,,320,,,,,2007-10-18 22:00:00
10700037,2007-10-13 19:00:00,Indiana,Pacers,1610612754,Seattle,SuperSonics,1610612760,97,87,1610612754,Preseason,,,,,,136,,,,,2007-10-13 19:00:00
10700032,2007-10-12 19:30:00,Cleveland,Cavaliers,1610612739,Seattle,SuperSonics,1610612760,90,96,1610612760,Preseason,,,,,,22,,,,,2007-10-12 19:30:00
10700011,2007-10-09 22:00:00,Sacramento,Kings,1610612758,Seattle,SuperSonics,1610612760,104,98,1610612758,Preseason,,,,,,3,,,,,2007-10-09 22:00:00
