personId,firstName,lastName,birthDate,school,country,heightInches,bodyWeightLbs,jersey,guard,forward,center,dleagueFlag,nbaFlag,gamesPlayedFlag,draftYear,draftRound,draftNumber,fromYear,toYear
949,Shareef,Abdur-Rahim,1976-12-11,California,USA,81,245,3,0,1,0,0,1,1,1996,1,3,1996,2007
101165,Alex,Acker,1983-01-21,Pepperdine,USA,77,185,,1,0,0,,,,2005,2,60,2005,2008
201167,Arron,Afflalo,1985-10-15,UCLA,USA,77,210,4,1,0,0,0,1,1,2007,1,27,2007,2017
200772,Maurice,Ager,1984-02-09,Michigan State,USA,77,202,,1,1,0,1,1,1,2006,1,28,2006,2010
201582,Alexis,Ajinca,1988-05-06,Hyeres-Toulon,France,86,248,42,0,0,1,1,1,1,2008,1,20,2008,2017
200746,LaMarcus,Aldridge,1985-07-19,University of Texas at Austin,USA,83,250,21,0,1,1,0,1,1,2006,1,2,2006,2021
101243,Chris,Alexander,,,,,,,0,0,0,,,,,,,,
201570,Joe,Alexander,1986-12-26,West Virginia,USA,80,230,20,0,1,0,1,1,1,2008,1,8,2008,2009
2124,Malik,Allen,1978-06-27,Villanova,USA,82,255,35,0,1,0,0,1,1,-1,-1,-1,2001,2010
951,Ray,Allen,1975-07-20,Connecticut,USA,77,205,34,1,0,0,0,1,1,1996,1,5,1996,2013
2754,Tony,Allen,1982-01-11,Oklahoma State,USA,76,213,,1,1,0,0,1,1,2004,1,25,2004,2017
201165,Morris,Almond,1985-02-02,Rice,USA,78,225,21,1,0,0,1,1,1,2007,1,25,2007,2011
1747,Rafer,Alston,1976-07-24,Fresno State,USA,74,175,11,1,0,0,1,1,1,1998,2,39,1999,2009
200811,Lou,Amundson,1982-12-07,UNLV,USA,81,220,17,0,1,0,1,1,1,-1,-1,-1,2006,2015
2365,Chris,Andersen,1978-07-07,Blinn J.C.,USA,82,245,,0,1,1,0,1,1,-1,-1,-1,2001,2016
1507,Derek,Anderson,1974-07-18,Kentucky,USA,77,195,1,1,0,0,0,1,1,1997,1,13,1997,2007
201583,Ryan,Anderson,1988-05-06,California,USA,81,240,,0,1,0,0,1,1,2008,1,21,2008,2019
2546,Carmelo,Anthony,1984-05-29,Syracuse,USA,79,238,7,0,1,0,0,1,1,2003,1,3,2003,2021
201202,Joel,Anthony,1982-08-09,UNLV,Canada,81,245,30,0,0,1,1,1,1,-1,-1,-1,2007,2016
2240,Gilbert,Arenas,1982-01-06,Arizona,USA,76,215,10,1,0,0,0,1,1,2001,2,30,2001,2011
2772,Trevor,Ariza,1985-06-30,UCLA,USA,80,215,,0,1,0,0,1,1,2004,2,43,2004,2021
353,Darrell,Armstrong,1968-06-22,Fayetteville State,USA,73,180,10,1,0,0,0,1,1,-1,-1,-1,1994,2007
200756,Hilton,Armstrong,1984-11-23,Connecticut,USA,83,235,57,0,1,1,1,1,1,2006,1,12,2006,2013
2306,Carlos,Arroyo,1979-07-30,Florida International,Puerto Rico,74,200,45,1,0,0,0,1,1,-1,-1,-1,2001,2010
201589,Darrell,Arthur,1988-03-25,Kansas,USA,81,235,00,0,1,0,0,1,1,2008,1,27,2008,2017
1088,Chucky,Atkins,1974-08-14,South Florida,USA,71,185,17,1,0,0,0,1,1,-1,-1,-1,1999,2009
201571,D.J.,Augustin,1987-11-10,Texas,USA,71,183,4,1,0,0,0,1,1,2008,1,9,2008,2022
200788,James,Augustine,1984-02-27,Illinois,USA,82,235,40,0,1,0,1,1,1,2006,2,41,2006,2007
101235,Kelenna,Azubuike,1983-12-16,Kentucky,United Kingdom,77,215,4,1,0,0,0,1,1,-1,-1,-1,2006,2011
200764,Renaldo,Balkman,1984-07-14,South Carolina,USA,80,225,,0,1,0,1,1,1,2006,1,20,2006,2011
2556,Marcus,Banks,1981-11-19,UNLV,USA,74,205,15,1,0,0,1,1,1,2003,1,13,2003,2010
2571,Leandro,Barbosa,1982-11-28,Bauru,Brazil,75,194,19,1,0,0,0,1,1,2003,1,28,2003,2016
200826,J.J.,Barea,1984-06-26,Northeastern,Puerto Rico,70,180,5,1,0,0,1,1,1,-1,-1,-1,2006,2019
200745,Andrea,Bargnani,1985-10-26,Benetton Treviso,Italy,84,245,,0,1,1,0,1,1,2006,1,1,2006,2015
2440,Matt,Barnes,1980-03-09,UCLA,USA,79,226,22,0,1,0,0,1,1,2002,2,45,2002,2016
2853,Earl,Barron,1981-08-14,Memphis,USA,84,250,30,0,1,1,1,1,1,-1,-1,-1,2005,2014
699,Brent,Barry,1971-12-31,Oregon State,USA,79,210,17,1,0,0,0,1,1,1995,1,15,1995,2008
101138,Brandon,Bass,1985-04-30,Louisiana State,USA,80,250,,0,1,0,,,,2005,2,33,2005,2016
1766,Maceo,Baston,1976-05-29,Michigan,USA,82,230,9,0,1,0,0,1,1,1998,2,58,2002,2008
1499,Tony,Battie,1976-02-11,Texas Tech,USA,83,240,4,0,0,1,0,1,1,1997,1,5,1997,2011
2203,Shane,Battier,1978-09-09,Duke,USA,80,220,31,0,1,0,0,1,1,2001,1,6,2001,2013
201587,Nicolas,Batum,1988-12-14,Le Mans,France,79,230,33,1,1,0,0,1,1,2008,1,25,2008,
201573,Jerryd,Bayless,1988-08-20,Arizona,USA,75,200,8,1,0,0,0,1,1,2008,1,11,2008,2018
201563,Michael,Beasley,1989-01-09,Kansas State,USA,81,235,,0,1,0,0,1,1,2008,1,2,2008,2018
201158,Marco,Belinelli,1986-03-25,Fortitudo Bologna,Italy,77,220,18,1,0,0,0,1,1,2007,1,18,2007,2019
2294,Charlie,Bell,1979-03-12,Michigan State,USA,75,200,34,1,0,0,0,1,1,-1,-1,-1,2001,2010
1952,Raja,Bell,1976-09-19,Florida International,US Virgin Islands,77,210,19,1,0,0,0,1,1,-1,-1,-1,2000,2011
1710,Mike,Bibby,1978-05-13,Arizona,USA,74,195,20,1,0,0,0,1,1,1998,1,2,1998,2011
2740,Andris,Biedrins,1986-04-02,BK Skonto,Latvia,84,250,,0,0,1,0,1,1,2004,1,11,2004,2013
1497,Chauncey,Billups,1976-09-25,Colorado,USA,75,210,1,1,0,0,0,1,1,1997,1,3,1997,2013
2581,Steve,Blake,1980-02-26,Maryland,USA,75,172,22,1,0,0,0,1,1,2003,2,38,2003,2015
101154,Andray,Blatche,1986-08-22,South Kent HS (CT),USA,83,260,,0,1,1,,,,2005,2,49,2005,2013
1548,Mark,Blount,1975-11-30,Pittsburgh,USA,84,250,15,0,1,1,0,1,1,1997,2,54,2000,2008
2586,Keith,Bogans,1980-05-12,Kentucky,USA,77,215,4,1,1,0,1,1,1,2003,2,43,2003,2013
101106,Andrew,Bogut,1984-11-28,Utah,Australia,84,260,,0,0,1,,,,2005,1,1,2005,2018
2588,Matt,Bonner,1980-04-05,Florida,USA,82,235,15,0,1,1,0,1,1,2003,2,45,2004,2015
200767,Josh,Boone,1984-11-21,Connecticut,USA,82,240,2,0,1,1,1,1,1,2006,1,23,2006,2009
1916,Calvin,Booth,1976-05-07,Penn State,USA,83,230,52,0,0,1,0,1,1,1999,2,35,1999,2008
2430,Carlos,Boozer,1981-11-20,Duke,USA,81,258,5,0,1,0,0,1,1,2002,2,34,2002,2014
2547,Chris,Bosh,1984-03-24,Georgia Tech,USA,83,235,1,0,1,0,0,1,1,2003,1,4,2003,2016
1477,Bruce,Bowen,1971-06-14,California State-Fullerton,USA,79,200,12,0,1,0,0,1,1,-1,-1,-1,1996,2008
1763,Ryan,Bowen,1975-11-20,Iowa,USA,81,218,,0,1,0,0,1,1,1998,2,55,1999,2009
1863,Earl,Boykins,1976-06-02,Eastern Michigan,USA,65,133,6,1,0,0,0,1,1,-1,-1,-1,1998,2011
1882,Elton,Brand,1979-03-11,Duke,USA,81,254,42,0,1,0,0,1,1,1999,1,1,1999,2015
201147,Corey,Brewer,1986-03-05,Florida,USA,81,188,13,1,1,0,0,1,1,2007,1,7,2007,2019
200758,Ronnie,Brewer,1985-03-20,Arkansas,USA,79,235,11,0,1,0,1,1,1,2006,1,14,2006,2013
2056,Primoz,Brezec,1979-10-02,Union Olimpija,Slovenia,85,255,9,0,0,1,0,1,1,2000,1,27,2001,2009
201166,Aaron,Brooks,1985-01-14,Oregon,USA,72,161,30,1,0,0,1,1,1,2007,1,26,2007,2017
2810,Andre,Brown,1981-05-12,DePaul,USA,81,245,,0,1,0,1,1,1,-1,-1,-1,2006,2008
201628,Bobby,Brown,1984-09-24,Cal State-Fullerton,USA,74,175,,1,0,0,1,1,1,-1,-1,-1,2008,2017
200793,Dee,Brown,1984-08-17,Illinois,USA,72,185,,1,0,0,0,1,1,2006,2,46,2006,2008
2484,Devin,Brown,1978-12-30,Texas-San Antonio,USA,77,210,32,1,0,0,1,1,1,-1,-1,-1,2002,2009
2198,Kwame,Brown,1982-03-10,Glynn Academy HS (GA),USA,83,290,54,0,0,1,0,1,1,2001,1,1,2001,2012
136,P.J.,Brown,1969-10-14,Louisiana Tech,USA,83,239,93,0,1,1,0,1,1,1992,2,29,1993,2007
200769,Shannon,Brown,1985-11-29,Michigan State,USA,75,215,,1,0,0,1,1,1,2006,1,25,2006,2014
977,Kobe,Bryant,1978-08-23,Lower Merion HS (PA),USA,78,212,24,1,1,0,0,1,1,1996,1,13,1996,2015
1761,Greg,Buckner,1976-09-16,Clemson,USA,76,210,7,1,0,0,0,1,1,1998,2,53,1999,2008
2406,Caron,Butler,1980-03-13,Connecticut,USA,79,228,31,0,1,0,0,1,1,2002,1,10,2002,2015
2866,Jackie,Butler,1985-03-10,Coastal Christian Academy (VA),USA,82,260,45,0,0,1,0,1,1,-1,-1,-1,2004,2006
2446,Rasual,Butler,1979-05-23,La Salle,USA,79,215,,0,1,0,1,1,1,2002,2,52,2002,2015
201182,Derrick,Byars,1984-04-25,Vanderbilt,USA,79,220,34,1,1,0,1,1,1,2007,2,42,2011,2011
101115,Andrew,Bynum,1987-10-27,No College,USA,84,285,,0,0,1,,,,2005,1,10,2005,2013
101198,Will,Bynum,1983-01-04,Georgia Tech,USA,72,185,,1,0,0,,,,-1,-1,-1,2005,2014
101181,Jose,Calderon,1981-09-28,Tau Ceramica,Spain,75,200,,1,0,0,,,,-1,-1,-1,2005,2018
948,Marcus,Camby,1974-03-22,Massachusetts,USA,83,240,23,0,1,1,0,1,1,1996,1,2,1996,2012
2073,Brian,Cardinal,1977-05-02,Purdue,USA,80,240,35,0,1,0,0,1,1,2000,2,44,2000,2011
200760,Rodney,Carney,1984-04-05,Memphis,USA,79,205,,0,1,0,1,1,1,2006,1,16,2006,2010
2679,Matt,Carroll,1980-08-28,Notre Dame,USA,78,212,,1,0,0,0,1,1,-1,-1,-1,2003,2012
1853,Anthony,Carter,1975-06-16,Hawaii,USA,73,190,,1,0,0,0,1,1,-1,-1,-1,1999,2011
1713,Vince,Carter,1977-01-26,North Carolina,USA,78,220,15,1,1,0,0,1,1,1998,1,5,1998,2019
208,Sam,Cassell,1969-11-18,Florida State,USA,75,185,28,1,0,0,0,1,1,1993,1,24,1993,2007
201596,Mario,Chalmers,1986-05-19,Kansas,USA,74,190,6,1,0,0,1,1,1,2008,2,34,2008,2017
2199,Tyson,Chandler,1982-10-02,Dominguez HS (CA),USA,84,235,6,0,0,1,0,1,1,2001,1,2,2001,2019
201163,Wilson,Chandler,1987-05-10,DePaul,USA,80,235,21,0,1,0,0,1,1,2007,1,23,2007,2019
2735,Josh,Childress,1983-06-20,Stanford,USA,80,210,,1,1,0,1,1,1,2004,1,6,2004,2013
2260,Jarron,Collins,1978-12-02,Stanford,USA,83,249,,0,0,1,0,1,1,2001,2,52,2001,2010
2215,Jason,Collins,1978-12-02,Stanford,USA,84,255,98,0,0,1,0,1,1,2001,1,18,2001,2013
200776,Mardy,Collins,1984-08-04,Temple,USA,78,220,25,1,0,0,1,1,1,2006,1,29,2006,2009
2555,Nick,Collison,1980-10-26,Kansas,USA,82,255,4,0,1,1,0,1,1,2003,1,12,2003,2017
201144,Mike,Conley,1987-10-11,Ohio State,USA,73,175,10,1,0,0,0,1,1,2007,1,4,2007,
2567,Brian,Cook,1980-12-04,Illinois,USA,81,250,43,0,1,1,0,1,1,2003,1,24,2003,2011
201161,Daequan,Cook,1987-04-28,Ohio State,USA,77,210,14,1,0,0,1,1,1,2007,1,21,2007,2012
2037,Jamal,Crawford,1980-03-20,Michigan,USA,77,200,1,1,0,0,0,1,1,2000,1,8,2000,2019
201159,Javaris,Crittenton,1987-12-31,Georgia Tech,USA,77,200,8,1,0,0,1,1,1,2007,1,19,2007,2009
1506,Austin,Croshere,1975-05-01,Providence,USA,82,240,,0,1,0,0,1,1,1997,1,12,1997,2008
2201,Eddy,Curry,1982-12-05,Thornwood HS (IL),USA,84,295,,0,0,1,0,1,1,2001,1,4,2001,2012
2223,Samuel,Dalembert,1980-05-10,Seton Hall,Haiti,83,255,,0,0,1,0,1,1,2001,1,26,2001,2014
956,Erick,Dampier,1975-07-14,Mississippi State,USA,83,265,25,0,0,1,0,1,1,1996,1,10,1996,2011
1498,Antonio,Daniels,1975-03-19,Bowling Green,USA,76,205,22,1,0,0,1,1,1,1997,1,4,1997,2010
2605,Marquis,Daniels,1981-01-07,Auburn,USA,78,200,6,0,1,0,0,1,1,-1,-1,-1,2003,2012
201176,Jermareo,Davidson,1984-11-15,Alabama,USA,82,230,33,0,1,0,1,1,1,2007,2,36,2007,2008
1884,Baron,Davis,1979-04-13,UCLA,USA,75,212,85,1,0,0,1,1,1,1999,1,3,1999,2011
201175,Glen,Davis,1986-01-01,Louisiana State,USA,81,289,0,0,1,1,0,1,1,2007,2,35,2007,2014
200781,Paul,Davis,1984-07-21,Michigan State,USA,83,270,,0,0,1,1,1,1,2006,2,34,2006,2009
1729,Ricky,Davis,1979-09-23,Iowa,USA,79,195,,1,0,0,1,1,1,1998,1,21,1998,2009
2568,Carlos,Delfino,1982-08-29,Fortitudo Bologna,Argentina,78,230,10,1,1,0,0,1,1,2003,1,25,2004,2013
2736,Luol,Deng,1985-04-16,Duke,United Kingdom,81,237,9,0,1,0,0,1,1,2004,1,7,2004,2018
2564,Boris,Diaw,1982-04-16,Pau Orthez,France,80,250,33,0,1,1,0,1,1,2003,1,21,2003,2016
200821,Yakhouba,Diawara,1982-08-29,Pepperdine,USA,79,225,9,1,1,0,0,1,1,-1,-1,-1,2006,2009
2424,Dan,Dickau,1978-09-16,Gonzaga,USA,72,180,10,1,0,0,1,1,1,2002,1,28,2002,2007
101143,Travis,Diener,1982-03-01,Marquette,USA,73,175,,1,0,0,,,,2005,2,38,2005,2009
101113,Ike,Diogu,1983-09-11,Arizona State,USA,81,250,,0,1,0,,,,2005,1,9,2005,2011
2205,DeSagana,Diop,1982-01-30,Oak Hill Academy (VA),Senegal,84,280,2,0,0,1,0,1,1,2001,1,8,2001,2012
2413,Juan,Dixon,1978-10-09,Maryland,USA,75,165,12,1,0,0,0,1,1,2002,1,17,2002,2008
1720,Michael,Doleac,1977-06-15,Utah,USA,83,262,51,0,0,1,0,1,1,1998,1,12,1998,2007
2039,Keyon,Dooling,1980-05-08,Missouri,USA,75,195,55,1,0,0,1,1,1,2000,1,10,2000,2012
201595,Joey,Dorsey,1983-12-16,Memphis,USA,81,275,,0,0,0,1,1,1,2008,2,33,2008,2016
200763,Quincy,Douby,1984-05-16,Rutgers,USA,75,175,5,1,0,0,1,1,1,2006,1,19,2006,2008
201604,Chris,Douglas-Roberts,1987-01-08,Memphis,USA,79,210,,1,0,0,1,1,1,2008,2,40,2008,2014
201609,Goran,Dragic,1986-05-06,Union Olimpija,Slovenia,76,190,31,1,0,0,0,1,1,2008,2,45,2008,2022
201162,Jared,Dudley,1985-07-10,Boston College,USA,78,237,10,0,1,0,0,1,1,2007,1,22,2007,2020
2768,Chris,Duhon,1982-08-31,Duke,USA,73,190,21,1,0,0,0,1,1,2004,2,38,2004,2012
1495,Tim,Duncan,1976-04-25,Wake Forest,US Virgin Islands,83,250,21,0,1,1,0,1,1,1997,1,1,1997,2015
2399,Mike,Dunleavy,1980-09-15,Duke,USA,81,230,34,1,1,0,0,1,1,2002,1,3,2002,2016
2648,Ronald,Dupree,1981-01-26,Louisiana State,USA,79,209,,0,1,0,1,1,1,-1,-1,-1,2003,2010
201142,Kevin,Durant,1988-09-29,Texas,USA,83,240,7,0,1,0,0,1,1,2007,1,2,2007,
101145,Monta,Ellis,1985-10-26,Lanier HS (MS),USA,75,185,,1,0,0,,,,2005,2,40,2005,2016
1922,Francisco,Elson,1976-02-28,California,Netherlands,84,240,,0,1,1,0,1,1,1999,2,41,2003,2011
2408,Melvin,Ely,1978-05-02,Fresno State,USA,82,260,4,0,1,1,1,1,1,2002,1,12,2002,2013
2230,Maurice,Evans,1978-11-08,Texas,USA,77,220,6,1,1,0,0,1,1,-1,-1,-1,2001,2011
2501,Reggie,Evans,1980-05-18,Iowa,USA,80,245,30,0,1,1,0,1,1,-1,-1,-1,2002,2014
200770,Jordan,Farmar,1986-11-30,UCLA,USA,74,180,,1,0,0,1,1,1,2006,1,26,2006,2016
201174,Nick,Fazekas,1985-06-17,Nevada,USA,83,235,20,0,1,0,1,1,1,2007,2,34,2007,2007
101230,Noel,Felix,1981-10-04,Fresno State,USA,81,225,16,0,1,0,1,1,1,-1,-1,-1,2005,2005
101109,Raymond,Felton,1984-06-26,North Carolina,USA,73,205,,1,0,0,,,,2005,1,5,2005,2018
201164,Rudy,Fernandez,1985-04-04,DKV Joventut,Spain,78,185,,1,0,0,0,1,1,2007,1,24,2008,2016
201178,Kyrylo,Fesenko,1986-12-24,Ukraine,Ukraine,85,280,44,0,0,1,1,1,1,2007,2,38,2007,2011
714,Michael,Finley,1973-03-06,Wisconsin,USA,79,225,40,1,1,0,0,1,1,1995,1,21,1995,2009
965,Derek,Fisher,1974-08-09,Arkansas-Little Rock,USA,73,210,6,1,0,0,0,1,1,1996,1,24,1996,2013
2551,T.J.,Ford,1983-03-24,Texas,USA,72,165,,1,0,0,0,1,1,2003,1,8,2003,2011
1902,Jeff,Foster,1977-01-16,Southwest Texas State,USA,83,250,10,0,1,1,0,1,1,1999,1,21,1999,2011
200751,Randy,Foye,1983-09-24,Villanova,USA,76,218,2,1,0,0,0,1,1,2006,1,7,2006,2016
1502,Adonal,Foyle,1975-03-09,Colgate,St. Vincent & Grenadines,82,270,31,0,0,1,0,1,1,1997,1,8,1997,2009
1883,Steve,Francis,1977-02-21,Maryland,USA,75,210,3,1,0,0,0,1,1,1999,1,2,1999,2007
101112,Channing,Frye,1983-05-17,Arizona,USA,84,255,,0,1,1,,,,2005,1,8,2005,2018
2429,Dan,Gadzuric,1978-02-02,UCLA,Netherlands,83,240,50,0,0,1,1,1,1,2002,2,33,2002,2011
201568,Danilo,Gallinari,1988-08-08,Olimpia Milano,Italy,82,236,12,0,1,0,0,1,1,2008,1,6,2008,2023
101128,Francisco,Garcia,1981-12-31,Louisville,Dominican Republic,79,215,,1,1,0,,,,2005,1,23,2005,2014
708,Kevin,Garnett,1976-05-19,Farragut Academy HS (IL),USA,83,240,21,0,1,0,0,1,1,1995,1,5,1995,2015
1727,Pat,Garrity,1976-08-23,Notre Dame,USA,81,238,8,0,1,0,0,1,1,1998,1,19,1998,2007
201188,Marc,Gasol,1985-01-29,FC Barcelona,Spain,83,255,14,0,0,1,0,1,1,2007,2,48,2008,2020
2200,Pau,Gasol,1980-07-06,FC Barcelona,Spain,84,250,16,0,1,1,0,1,1,2001,1,3,2001,2018
200752,Rudy,Gay,1986-08-17,Connecticut,USA,80,250,22,1,1,0,0,1,1,2006,1,8,2006,2022
101153,Mickael,Gelabale,1983-05-22,Real Madrid,France,79,215,,0,1,0,,,,2005,2,48,2006,2012
1904,Devean,George,1977-08-29,Augsburg,USA,80,235,19,0,1,0,0,1,1,1999,1,23,1999,2009
200789,Daniel,Gibson,1986-02-27,Texas,USA,74,200,1,1,0,0,0,1,1,2006,2,42,2006,2012
2109,Eddie,Gill,1978-08-16,Weber State,USA,72,190,,1,0,0,1,1,1,-1,-1,-1,2000,2008
1938,Manu,Ginobili,1977-07-28,Virtus Bologna,Argentina,78,205,20,1,0,0,0,1,1,1999,2,57,2002,2017
1921,Gordan,Giricek,1977-06-20,CSKA Moscow,Croatia,78,220,2,1,0,0,0,1,1,1999,2,40,2002,2007
101155,Ryan,Gomes,1982-09-01,Providence,USA,79,245,,0,1,0,,,,2005,2,50,2005,2013
2400,Drew,Gooden,1981-09-24,Kansas,USA,82,250,90,0,1,0,0,1,1,2002,1,4,2002,2015
2732,Ben,Gordon,1983-04-04,Connecticut,USA,75,205,7,1,0,0,1,1,1,2004,1,3,2004,2014
201569,Eric,Gordon,1988-12-25,Indiana,USA,75,215,,1,0,0,0,1,1,2008,1,7,2008,
101162,Marcin,Gortat,1984-02-17,RheinEnergie Cologne,Poland,83,240,,0,0,1,,,,2005,2,57,2007,2018
101121,Joey,Graham,1982-06-11,Oklahoma State,USA,79,230,,0,1,0,,,,2005,1,16,2005,2010
101211,Stephen,Graham,1982-06-11,Oklahoma State,USA,78,215,,1,1,0,,,,-1,-1,-1,2005,2010
101122,Danny,Granger,1983-04-20,New Mexico,USA,81,222,,1,1,0,,,,2005,1,17,2005,2014
201189,Aaron,Gray,1984-12-07,Pittsburgh,USA,84,270,33,0,0,1,0,1,1,2007,2,49,2007,2013
101123,Gerald,Green,1986-01-26,No College,USA,79,205,,1,1,0,,,,2005,1,18,2005,2018
201145,Jeff,Green,1986-08-28,Georgetown,USA,80,235,32,0,1,0,0,1,1,2007,1,5,2007,
201192,Taurean,Green,1986-11-28,Florida,USA,72,177,0,1,0,0,1,1,1,2007,2,52,2007,2007
2584,Willie,Green,1981-07-28,Detroit Mercy,USA,75,205,34,1,0,0,0,1,1,2003,2,41,2003,2014
201590,Donte,Greene,1988-02-21,Syracuse,USA,83,226,13,0,1,0,1,1,1,2008,1,28,2008,2012
101158,Orien,Greene,1982-02-04,Louisiana-Lafayette,USA,76,208,,1,0,0,,,,2005,2,53,2005,2010
1559,Adrian,Griffin,1974-07-04,Seton Hall,USA,77,230,44,1,1,0,0,1,1,-1,-1,-1,1999,2007
201632,Hamed,Haddadi,1985-05-19,Saba Battery,Iran,86,265,98,0,0,1,1,1,1,-1,-1,-1,2008,2012
1888,Richard,Hamilton,1978-02-14,Connecticut,USA,79,193,32,1,0,0,0,1,1,1999,1,7,1999,2012
358,Anfernee,Hardaway,1971-07-18,Memphis State,USA,79,215,,0,1,0,0,1,1,1993,1,3,1993,2007
1723,Matt,Harpring,1976-05-31,Georgia Tech,USA,79,230,15,0,1,0,0,1,1,1998,1,15,1998,2008
1733,Al,Harrington,1980-02-17,St. Patrick HS (NJ),USA,81,245,7,0,1,0,0,1,1,1998,1,25,1998,2013
970,Othella,Harrington,1974-01-31,Georgetown,USA,81,235,24,0,1,1,1,1,1,1996,2,30,1996,2007
2734,Devin,Harris,1983-02-27,Wisconsin,USA,75,185,34,1,0,0,0,1,1,2004,1,5,2004,2018
200839,Mike,Harris,1983-06-15,Rice,USA,78,242,,0,1,0,1,1,1,-1,-1,-1,2007,2013
2758,David,Harrison,1982-08-15,Colorado,USA,84,280,13,0,0,1,1,1,1,2004,1,29,2004,2007
2078,Jason,Hart,1978-04-29,Syracuse,USA,75,180,,1,0,0,0,1,1,2000,2,49,2000,2009
2617,Udonis,Haslem,1980-06-09,Florida,USA,79,235,40,0,1,0,0,1,1,-1,-1,-1,2003,2022
2239,Trenton,Hassell,1979-03-04,Austin Peay,USA,77,227,44,1,1,0,0,1,1,2001,2,29,2001,2009
201150,Spencer,Hawes,1988-04-28,Washington,USA,85,245,00,0,1,1,1,1,1,2007,1,10,2007,2016
101236,Chuck,Hayes,1983-06-11,Kentucky,USA,78,240,,0,1,1,1,1,1,-1,-1,-1,2005,2015
2553,Jarvis,Hayes,1981-08-09,Georgia,USA,80,228,22,0,1,0,0,1,1,2003,1,10,2003,2009
2217,Brendan,Haywood,1979-11-27,North Carolina,USA,84,263,33,0,0,1,0,1,1,2001,1,20,2001,2014
101129,Luther,Head,1982-11-26,Illinois,USA,75,185,,1,0,0,,,,2005,1,24,2005,2010
201613,Richard,Hendrix,,,,,,,0,0,0,,,,,,,,
200835,Walter,Herrmann,1979-06-26,Malaga,Argentina,81,225,5,0,1,0,0,1,1,-1,-1,-1,2006,2008
201579,Roy,Hibbert,1986-12-11,Georgetown,USA,86,270,34,0,0,1,0,1,1,2008,1,17,2008,2016
201581,JJ,Hickson,1988-09-04,North Carolina State,USA,81,242,21,0,1,1,0,1,1,2008,1,19,2008,2015
2403,Nene,Hilario,1982-09-13,Vasco de Gama,Brazil,83,250,42,0,1,1,0,1,1,2002,1,7,2002,2018
201588,George,Hill,1986-05-04,Indiana-Purdue Indianapolis,USA,76,188,7,1,0,0,0,1,1,2008,1,26,2008,2022
255,Grant,Hill,1972-10-05,Duke,USA,80,225,33,0,1,0,0,1,1,1994,1,3,1994,2012
201631,Steven,Hill,1985-11-14,Arkansas,USA,84,245,,0,0,1,1,1,1,-1,-1,-1,2008,2008
2550,Kirk,Hinrich,1981-01-02,Kansas,USA,76,190,12,1,0,0,0,1,1,2003,1,7,2003,2015
200797,Ryan,Hollins,1984-10-10,UCLA,USA,84,240,,0,0,1,1,1,1,2006,2,50,2006,2015
201143,Al,Horford,1986-06-03,Florida,Dominican Republic,80,240,20,0,1,1,0,1,1,2007,1,3,2007,
109,Robert,Horry,1970-08-25,Alabama,USA,82,240,25,0,1,1,0,1,1,1992,1,11,1992,2007
2067,Eddie,House,1978-05-14,Arizona State,USA,73,190,55,1,0,0,0,1,1,2000,2,37,2000,2010
2730,Dwight,Howard,1985-12-08,SW Atlanta Christian Academy (GA),USA,82,265,39,0,1,1,0,1,1,2004,1,1,2004,2021
2572,Josh,Howard,1980-04-28,Wake Forest,USA,79,210,,1,1,0,1,1,1,2003,1,29,2003,2012
436,Juwan,Howard,1973-02-07,Michigan,USA,81,250,5,0,1,0,0,1,1,1994,1,5,1994,2012
1607,Troy,Hudson,1976-03-13,Southern Illinois,USA,73,178,,1,0,0,1,1,1,-1,-1,-1,1997,2007
1716,Larry,Hughes,1979-01-23,St. Louis,USA,77,185,,1,0,0,0,1,1,1998,1,8,1998,2011
2743,Kris,Humphries,1985-02-06,Minnesota,USA,81,235,43,0,1,0,0,1,1,2004,1,14,2004,2016
283,Lindsey,Hunter,1970-12-03,Jackson State,USA,74,195,,1,0,0,0,1,1,1993,1,10,1993,2009
201629,Othello,Hunter,1986-05-28,Ohio State,USA,80,225,,0,1,0,1,1,1,-1,-1,-1,2008,2016
2212,Steven,Hunter,1981-10-31,DePaul,USA,84,240,45,0,0,1,0,1,1,2001,1,15,2001,2009
2738,Andre,Iguodala,1984-01-28,Arizona,USA,78,215,9,1,1,0,0,1,1,2004,1,9,2004,2022
980,Zydrunas,Ilgauskas,1975-06-05,Atletas Kaunas,Lithuania,87,260,11,0,0,1,0,1,1,1996,1,20,1997,2010
947,Allen,Iverson,1975-06-07,Georgetown,USA,72,165,3,1,0,0,0,1,1,1996,1,1,1996,2009
2767,Royal,Ivey,1981-12-20,Texas,USA,76,200,,1,0,0,0,1,1,2004,2,37,2004,2013
101127,Jarrett,Jack,1983-10-28,Georgia Tech,USA,75,200,,1,0,0,,,,2005,1,22,2005,2017
1517,Bobby,Jackson,1973-03-13,Minnesota,USA,73,185,24,1,0,0,0,1,1,1997,1,23,1997,2008
201616,Darnell,Jackson,1985-11-07,Kansas,USA,81,253,41,0,1,0,1,1,1,2008,2,52,2008,2010
1983,Jermaine,Jackson,1976-06-07,Detroit,USA,77,204,5,1,0,0,1,1,1,-1,-1,-1,1999,2005
1536,Stephen,Jackson,1978-04-05,Butler C.C. (KS),USA,80,220,,1,1,0,0,1,1,1997,2,42,2000,2013
2418,Casey,Jacobsen,1981-03-19,Stanford,USA,78,215,23,1,0,0,0,1,1,2002,1,22,2002,2007
1744,Jerome,James,1975-11-17,Florida A&M,USA,85,285,31,0,0,1,0,1,1,1998,2,36,1998,2008
2544,LeBron,James,1984-12-30,St. Vincent-St. Mary HS (OH),USA,81,250,23,0,1,0,0,1,1,2003,1,1,2003,
2229,Mike,James,1975-06-23,Duquesne,USA,74,188,8,1,0,0,1,1,1,-1,-1,-1,2001,2013
1712,Antawn,Jamison,1976-06-12,North Carolina,USA,81,235,,0,1,0,0,1,1,1998,1,4,1998,2013
2060,Marko,Jaric,1978-12-10,Virtus Bologna,Serbia,79,224,55,1,0,0,0,1,1,2000,2,30,2002,2008
2744,Al,Jefferson,1985-01-04,No College,USA,82,280,25,0,0,1,0,1,1,2004,1,15,2004,2017
200971,Dontell,Jefferson,1983-12-15,Arkansas,USA,77,195,2,1,0,0,1,1,1,-1,-1,-1,2008,2008
2210,Richard,Jefferson,1980-06-21,Arizona,USA,79,233,22,0,1,0,0,1,1,2001,1,13,2001,2017
2407,Jared,Jeffries,1981-11-25,Indiana,USA,83,240,1,0,1,0,0,1,1,2002,1,11,2002,2012
200792,Alexander,Johnson,1983-02-08,Florida State,USA,81,240,30,0,1,0,1,1,1,2006,2,45,2006,2009
101161,Amir,Johnson,1987-05-01,Westchester HS (CA),USA,81,240,,0,1,1,,,,2005,2,56,2005,2018
1533,Anthony,Johnson,1974-10-02,College of Charleston,USA,75,195,8,1,0,0,0,1,1,1997,2,39,1997,2009
2035,DerMarr,Johnson,1980-05-05,Cincinnati,USA,81,210,1,1,1,0,1,1,1,2000,1,6,2000,2007
2207,Joe,Johnson,1981-06-29,Arkansas,USA,79,240,,1,1,0,0,1,1,2001,1,10,2001,2021
2669,Linton,Johnson,1980-06-13,Tulane,USA,80,205,54,0,1,0,0,1,1,-1,-1,-1,2003,2008
200784,Bobby,Jones,1984-01-09,Washington,USA,79,215,11,0,1,0,1,1,1,2006,2,37,2006,2007
2563,Dahntay,Jones,1980-12-27,Duke,USA,78,225,30,1,1,0,1,1,1,2003,1,20,2003,2016
1800,Damon,Jones,1976-08-25,Houston,USA,75,195,19,1,0,0,1,1,1,-1,-1,-1,1998,2008
101204,Dwayne,Jones,1983-06-09,St. Joseph's (PA),USA,83,248,,0,1,1,,,,-1,-1,-1,2005,2012
224,Eddie,Jones,1971-10-20,Temple,USA,78,200,6,1,1,0,0,1,1,1994,1,10,1994,2007
2410,Fred,Jones,1979-03-11,Oregon,USA,74,225,2,1,0,0,0,1,1,2002,1,14,2002,2008
2592,James,Jones,1980-10-04,Miami,USA,80,218,1,1,1,0,0,1,1,2003,2,49,2003,2016
200780,Solomon,Jones,1984-07-16,South Florida,USA,82,235,,0,1,0,1,1,1,2006,2,33,2006,2013
201599,DeAndre,Jordan,1988-07-21,Texas A&M,USA,83,265,9,0,0,1,0,1,1,2008,2,35,2008,
2549,Chris,Kaman,1982-04-28,Central Michigan,USA,84,265,35,0,0,1,0,1,1,2003,1,6,2003,2015
2574,Jason,Kapono,1981-02-02,UCLA,USA,80,215,,0,1,0,0,1,1,2003,2,31,2003,2011
201207,Coby,Karl,1983-06-08,Boise State,USA,77,215,22,1,0,0,1,1,1,-1,-1,-1,2007,2009
2751,Viktor,Khryapa,1982-08-03,CSKA Moscow,Russia,81,218,,0,1,0,0,1,1,2004,1,22,2004,2008
467,Jason,Kidd,1973-03-23,California,USA,76,210,5,1,0,0,0,1,1,1994,1,2,1994,2012
200814,Tarence,Kinsey,1984-03-21,South Carolina,USA,78,189,8,1,0,0,0,1,1,-1,-1,-1,2006,2008
1905,Andrei,Kirilenko,1981-02-18,CSKA Moscow,Russia,81,235,,0,1,0,0,1,1,1999,1,24,2001,2014
101132,Linas,Kleiza,1985-01-03,Missouri,Lithuania,80,234,,0,1,0,,,,2005,1,27,2005,2012
1510,Brevin,Knight,1975-11-08,Stanford,USA,70,166,2,1,0,0,0,1,1,1997,1,16,1997,2008
2594,Kyle,Korver,1981-03-17,Creighton,USA,79,212,26,1,1,0,0,1,1,2003,2,51,2003,2019
201585,Kosta,Koufos,1989-02-24,Ohio State,USA,84,245,41,0,0,1,1,1,1,2008,1,23,2008,2018
2420,Nenad,Krstic,1983-07-25,Partizan,Serbia,84,240,4,0,0,1,0,1,1,2002,1,24,2004,2010
201633,Rob,Kurz,1985-03-05,Notre Dame,USA,81,232,31,0,1,0,1,1,1,-1,-1,-1,2008,2009
1711,Raef,LaFrentz,1976-05-29,Kansas,USA,83,240,9,0,1,1,0,1,1,1998,1,3,1998,2008
201171,Carl,Landry,1983-09-19,Purdue,USA,81,248,7,0,1,0,0,1,1,2007,2,31,2007,2015
201186,Stephane,Lasme,1982-12-17,Massachusetts,Gabon,80,215,45,0,1,0,1,1,1,2007,2,46,2007,2007
201151,Acie,Law,1985-01-25,Texas A&M,USA,75,202,2,1,0,0,0,1,1,2007,1,11,2007,2010
201584,Courtney,Lee,1985-10-03,Western Kentucky,USA,77,215,1,1,0,0,1,1,1,2008,1,22,2008,2019
101135,David,Lee,1983-04-29,Florida,USA,81,245,,0,1,1,,,,2005,1,30,2005,2016
1740,Rashard,Lewis,1979-08-08,Elsik HS (TX),USA,82,235,9,0,1,0,0,1,1,1998,2,32,1998,2013
2733,Shaun,Livingston,1985-09-11,Peoria Central HS (IL),USA,79,192,34,1,0,0,1,1,1,2004,1,4,2004,2018
201572,Brook,Lopez,1988-04-01,Stanford,USA,85,282,11,0,0,1,0,1,1,2008,1,10,2008,
201577,Robin,Lopez,1988-04-01,Stanford,USA,85,281,,0,0,1,0,1,1,2008,1,15,2008,2023
201567,Kevin,Love,1988-09-07,UCLA,USA,82,251,42,0,1,1,0,1,1,2008,1,5,2008,
200768,Kyle,Lowry,1986-03-25,Villanova,USA,72,196,7,1,0,0,0,1,1,2006,1,24,2006,
101249,John,Lucas III,1982-11-21,Oklahoma State,USA,71,166,,1,0,0,1,1,1,-1,-1,-1,2005,2016
1731,Tyronn,Lue,1977-05-03,Nebraska,USA,72,175,10,1,0,0,0,1,1,1998,1,23,1998,2008
2058,Mark,Madsen,1976-01-28,Stanford,USA,81,255,35,0,1,0,0,1,1,2000,1,29,2000,2008
1894,Corey,Maggette,1979-11-12,Duke,USA,78,225,50,0,1,0,0,1,1,1999,1,13,1999,2012
2048,Jamaal,Magloire,1978-05-21,Kentucky,Canada,83,265,21,0,0,1,0,1,1,2000,1,19,2000,2011
101133,Ian,Mahinmi,1986-11-05,Pau Orthez,France,83,262,,0,0,1,,,,2005,1,28,2007,2019
950,Stephon,Marbury,1977-02-20,Georgia Tech,USA,74,205,8,1,0,0,0,1,1,1996,1,4,1996,2008
1890,Shawn,Marion,1978-05-07,UNLV,USA,79,228,31,1,1,0,0,1,1,1999,1,9,1999,2014
1752,Sean,Marks,1975-08-23,California,New Zealand,82,250,,0,1,1,0,1,1,1998,2,44,1998,2010
923,Donyell,Marshall,1973-05-18,Connecticut,USA,81,245,8,0,1,0,0,1,1,1994,1,4,1994,2008
201858,Cartier,Martin,1984-11-20,Kansas State,USA,79,220,35,0,1,0,1,1,1,-1,-1,-1,2008,2014
239,Darrick,Martin,1971-03-06,UCLA,USA,71,170,,1,0,0,0,1,1,-1,-1,-1,1994,2007
2030,Kenyon,Martin,1977-12-30,Cincinnati,USA,81,225,,0,1,0,0,1,1,2000,1,1,2000,2014
2755,Kevin,Martin,1983-02-01,Western Carolina,USA,79,199,23,1,0,0,0,1,1,2004,1,26,2004,2015
2046,Desmond,Mason,1977-10-11,Oklahoma State,USA,77,222,,1,0,0,0,1,1,2000,1,17,2000,2009
2427,Roger,Mason Jr.,1980-09-10,Virginia,USA,77,205,,1,0,0,0,1,1,2002,2,30,2002,2013
101131,Jason,Maxiell,1983-02-18,Cincinnati,USA,79,260,,0,1,0,,,,2005,1,26,2005,2014
101118,Sean,May,1984-04-04,North Carolina,USA,81,266,,0,1,1,,,,2005,1,13,2005,2009
201564,O.J.,Mayo,1987-11-05,Southern California,USA,77,210,3,1,0,0,0,1,1,2008,1,3,2008,2015
201601,Luc,Mbah a Moute,1986-09-09,UCLA,Cameroon,80,230,12,0,1,0,0,1,1,2008,2,37,2008,2019
2788,DJ,Mbenga,1980-12-30,Spirou Charleroi,Belgium,84,255,28,0,0,1,0,1,1,-1,-1,-1,2004,2010
101119,Rashad,McCants,1984-09-25,North Carolina,USA,76,215,,1,0,0,,,,2005,1,14,2005,2008
686,Antonio,McDyess,1974-09-07,Alabama,USA,81,245,34,0,1,1,0,1,1,1995,1,2,1995,2010
201580,JaVale,McGee,1988-01-19,Nevada,USA,84,270,00,0,1,1,0,1,1,2008,1,18,2008,2023
1503,Tracy,McGrady,1979-05-24,Mount Zion Christian Academy (NC),USA,80,225,1,1,1,0,0,1,1,1997,1,9,1997,2012
201187,Dominic,McGuire,1985-10-20,Fresno State,USA,81,235,,0,1,0,1,1,1,2007,2,47,2007,2012
976,Jeff,McInnis,1974-10-22,North Carolina,USA,76,190,,1,0,0,0,1,1,1996,2,37,1996,2007
201177,Josh,McRoberts,1987-02-28,Duke,USA,82,240,,0,1,1,1,1,1,2007,2,37,2007,2017
200822,Pops,Mensah-Bonsu,1983-09-07,George Washington,USA,81,235,,0,1,0,1,1,1,-1,-1,-1,2006,2010
2036,Chris,Mihm,1979-07-16,Texas,USA,84,265,4,0,0,1,0,1,1,2000,1,7,2000,2008
101139,CJ,Miles,1987-03-18,Skyline HS (TX),USA,78,220,,1,0,0,,,,2005,2,34,2005,2021
2032,Darius,Miles,1981-10-09,No College,USA,81,235,3,0,1,0,0,1,1,2000,1,3,2000,2008
2545,Darko,Milicic,1985-06-20,Hemoform,Serbia,84,275,,0,0,1,0,1,1,2003,1,2,2003,2012
1889,Andre,Miller,1976-03-19,Utah,USA,75,200,24,1,0,0,0,1,1,1999,1,8,1999,2015
1802,Brad,Miller,1976-04-12,Purdue,USA,84,261,52,0,1,1,0,1,1,-1,-1,-1,1998,2011
2034,Mike,Miller,1980-02-19,Florida,USA,80,218,3,1,1,0,0,1,1,2000,1,5,2000,2016
200794,Paul,Millsap,1985-02-10,Louisiana Tech,USA,79,257,8,0,1,0,0,1,1,2006,2,47,2006,2021
2397,Yao,Ming,1980-09-12,Shanghai,China,90,310,11,0,0,1,0,1,1,2002,1,1,2002,2010
1749,Cuttino,Mobley,1975-09-01,Rhode Island,USA,76,215,32,1,0,0,0,1,1,1998,2,41,1998,2008
1737,Nazr,Mohammed,1977-09-05,Kentucky,USA,82,250,13,0,0,1,0,1,1,1998,1,29,1998,2015
200081,Jamario,Moon,1980-06-13,Meridian CC,USA,80,205,9,0,1,0,1,1,1,-1,-1,-1,2007,2011
1630,Mikki,Moore,1975-11-04,Nebraska,USA,84,225,31,0,1,1,0,1,1,-1,-1,-1,1998,2011
201043,Randolph,Morris,1986-01-02,Kentucky,USA,83,275,33,0,0,1,0,1,1,-1,-1,-1,2006,2009
200747,Adam,Morrison,1984-07-19,Gonzaga,USA,80,205,6,0,1,0,0,1,1,2006,1,3,2006,2009
201627,Anthony,Morrow,1985-09-27,Georgia Tech,USA,77,210,11,1,0,0,0,1,1,-1,-1,-1,2008,2016
297,Alonzo,Mourning,1970-02-08,Georgetown,USA,82,261,33,0,0,1,0,1,1,1992,1,2,1992,2007
2211,Troy,Murphy,1980-05-02,Notre Dame,USA,83,245,,0,1,1,0,1,1,2001,1,14,2001,2012
2436,Flip,Murray,1979-07-29,Shaw,USA,75,200,6,1,0,0,1,1,1,2002,2,41,2002,2009
87,Dikembe,Mutombo,1966-06-25,Georgetown,Congo,86,260,55,0,0,1,0,1,1,1991,1,4,1991,2008
2411,Bostjan,Nachbar,1980-07-03,Benetton Treviso,Slovenia,81,221,7,0,1,0,0,1,1,2002,1,15,2002,2007
2059,Eduardo,Najera,1976-07-11,Oklahoma,Mexico,80,235,21,0,1,0,0,1,1,2000,2,38,2000,2011
959,Steve,Nash,1974-02-07,Santa Clara,Canada,75,178,10,1,0,0,0,1,1,1996,1,15,1996,2013
2434,Juan Carlos,Navarro,1980-06-13,FC Barcelona,Spain,75,170,,0,0,0,0,1,1,2002,2,39,2007,2016
201634,DeMarcus,Nelson,1985-11-02,Duke,USA,76,200,21,1,0,0,1,1,1,-1,-1,-1,2008,2008
2749,Jameer,Nelson,1982-02-09,St. Joseph's (PA),USA,72,190,41,1,0,0,0,1,1,2004,1,20,2004,2017
1725,Rasho,Nesterovic,1976-05-30,Virtus Bologna,Slovenia,84,255,12,0,0,1,0,1,1,1998,1,17,1998,2009
1956,Ira,Newble,1975-01-20,Miami (Ohio),USA,79,220,14,1,1,0,0,1,1,-1,-1,-1,2000,2007
201193,Demetris,Nichols,1984-09-04,Syracuse,USA,80,216,,0,1,0,1,1,1,2007,2,53,2007,2008
201149,Joakim,Noah,1985-02-25,Florida,USA,83,232,55,0,1,1,1,1,1,2007,1,9,2007,2019
2804,Andres,Nocioni,1979-11-30,Tau Ceramica,Argentina,79,225,,0,1,0,0,1,1,-1,-1,-1,2004,2016
200779,Steve,Novak,1983-06-13,Marquette,USA,82,225,,0,1,0,1,1,1,2006,2,32,2006,2016
1717,Dirk,Nowitzki,1978-06-19,DJK Wurzburg,Germany,84,245,41,0,1,0,0,1,1,1998,1,9,1998,2018
200753,Patrick,O'Bryant,1986-06-20,Bradley,USA,84,250,13,0,0,1,1,1,1,2006,1,9,2006,2009
979,Jermaine,O'Neal,1978-10-13,Eau Claire HS (SC),USA,83,255,7,0,1,1,0,1,1,1996,1,17,1996,2013
406,Shaquille,O'Neal,1972-03-06,Louisiana State,USA,85,325,34,0,0,1,0,1,1,1992,1,1,1992,2010
101177,Fabricio,Oberto,1975-03-21,Valencia,Argentina,82,245,,0,0,1,,,,-1,-1,-1,2005,2010
201141,Greg,Oden,1988-01-22,Ohio State,USA,84,273,20,0,0,1,0,1,1,2007,1,1,2007,2013
1885,Lamar,Odom,1979-11-06,Rhode Island,USA,82,230,,0,1,0,0,1,1,1999,1,4,1999,2013
2731,Emeka,Okafor,1982-09-28,Connecticut,USA,82,255,50,0,0,1,1,1,1,2004,1,2,2004,2017
2246,Mehmet,Okur,1979-05-26,Efes Pilsen,Turkey,83,260,,0,0,1,0,1,1,2001,2,37,2002,2011
1563,Kevin,Ollie,1972-12-27,Connecticut,USA,74,195,7,1,0,0,0,1,1,-1,-1,-1,1997,2009
448,Bo,Outlaw,1971-04-13,Houston,USA,80,220,,0,1,0,0,1,1,-1,-1,-1,1993,2007
2566,Travis,Outlaw,1984-09-18,Starkville HS (MS),USA,81,207,25,0,1,0,0,1,1,2003,1,23,2003,2013
101261,Andre,Owens,1980-10-31,Houston,USA,76,200,20,1,0,0,1,1,1,-1,-1,-1,2005,2007
2585,Zaza,Pachulia,1984-02-10,Ulkerspor,Georgia,83,270,27,0,0,1,0,1,1,2003,2,42,2003,2018
2457,Jannero,Pargo,1979-10-22,Arkansas,USA,73,185,,1,0,0,1,1,1,-1,-1,-1,2002,2014
1515,Anthony,Parker,1975-06-19,Bradley,USA,78,210,18,1,0,0,0,1,1,1997,1,21,1997,2011
2470,Smush,Parker,1981-06-01,Fordham,USA,76,190,1,1,0,0,1,1,1,-1,-1,-1,2002,2007
2225,Tony,Parker,1982-05-17,Paris Basket Racing,France,74,185,9,1,0,0,0,1,1,2001,1,28,2001,2018
1739,Ruben,Patterson,1975-07-31,Cincinnati,USA,77,223,,0,1,0,0,1,1,1998,2,31,1998,2007
101108,Chris,Paul,1985-05-06,Wake Forest,USA,72,175,,1,0,0,,,,2005,1,4,2005,2025
2562,Sasha,Pavlovic,1983-11-15,Buducnost,Montenegro,79,235,3,1,1,0,0,1,1,2003,1,19,2003,2012
200762,Oleksiy,Pecherov,1985-12-08,Kyiv,Ukraine,84,234,4,0,1,1,0,1,1,2006,1,18,2007,2009
2570,Kendrick,Perkins,1984-11-10,Clifton J. Ozen HS (TX),USA,82,270,21,0,0,1,1,1,1,2003,1,27,2003,2017
200785,Kosta,Perovic,1985-02-19,Partizan,Serbia,86,240,19,0,0,1,1,1,1,2006,2,38,2007,2007
2050,Morris,Peterson,1977-08-26,Michigan State,USA,79,220,,1,0,0,0,1,1,2000,1,21,2000,2010
101130,Johan,Petro,1986-01-27,Pau Orthez,France,84,247,,0,0,1,,,,2005,1,25,2005,2012
15,Eric,Piatkowski,1970-09-30,Nebraska,USA,79,215,52,1,1,0,0,1,1,1994,1,15,1994,2007
1718,Paul,Pierce,1977-10-13,Kansas,USA,79,235,34,0,1,0,0,1,1,1998,1,10,1998,2016
2554,Mickael,Pietrus,1982-02-07,Pau Orthez,France,78,215,20,0,1,0,0,1,1,2003,1,11,2003,2012
1513,Scot,Pollard,1975-02-12,Kansas,USA,83,278,66,0,1,1,0,1,1,1997,1,19,1997,2007
1899,James,Posey,1977-01-13,Xavier,USA,80,217,41,0,1,0,0,1,1,1999,1,18,1999,2010
200796,Leon,Powe,1984-01-22,California,USA,80,240,7,0,1,0,0,1,1,2006,2,49,2006,2010
2694,Josh,Powell,1983-01-25,North Carolina State,USA,81,240,21,0,1,0,1,1,1,-1,-1,-1,2005,2013
101179,Ronnie,Price,1983-06-21,Utah Valley,USA,74,190,,1,0,0,,,,-1,-1,-1,2005,2016
2419,Tayshaun,Prince,1980-02-28,Kentucky,USA,81,212,12,0,1,0,0,1,1,2002,1,23,2002,2015
201172,Gabe,Pruitt,1986-04-19,Southern California,USA,76,170,13,1,0,0,1,1,1,2007,2,32,2007,2008
2038,Joel,Przybilla,1979-10-10,Minnesota,USA,85,245,10,0,0,1,0,1,1,2000,1,9,2000,2012
200809,Chris,Quinn,1983-09-27,Notre Dame,USA,74,175,20,1,0,0,1,1,1,-1,-1,-1,2006,2012
2209,Vladimir,Radmanovic,1980-11-19,FMP,Serbia,82,235,77,0,1,0,0,1,1,2001,1,12,2001,2012
201576,Anthony,Randolph,1989-07-15,Louisiana State,USA,83,225,,0,1,0,0,1,1,2008,1,14,2008,2016
101183,Shavlik,Randolph,1983-11-24,Duke,USA,82,236,,0,1,0,,,,-1,-1,-1,2005,2014
2216,Zach,Randolph,1981-07-16,Michigan State,USA,81,250,50,0,1,0,0,1,1,2001,1,19,2001,2017
689,Theo,Ratliff,1973-04-17,Wyoming,USA,82,235,50,0,0,1,0,1,1,1995,1,18,1995,2010
2072,Michael,Redd,1979-08-24,Ohio State,USA,78,215,22,1,0,0,0,1,1,2000,2,43,2000,2011
200755,JJ,Redick,1984-06-24,Duke,USA,75,200,17,1,0,0,0,1,1,2006,1,11,2006,2020
2827,Darius,Rice,,,,,,,0,0,0,,,,,,,,
201181,Chris,Richard,1984-12-25,Florida,USA,81,256,35,0,1,0,1,1,1,2007,2,41,2007,2009
2202,Jason,Richardson,1981-01-20,Michigan State,USA,78,225,23,1,0,0,0,1,1,2001,1,5,2001,2014
200978,Jeremy,Richardson,1984-03-01,Delta State,USA,79,195,32,1,1,0,1,1,1,-1,-1,-1,2006,2008
2047,Quentin,Richardson,1980-04-13,DePaul,USA,78,228,55,0,1,0,0,1,1,2000,1,18,2000,2012
2557,Luke,Ridnour,1981-02-13,Oregon,USA,74,175,13,1,0,0,0,1,1,2003,1,14,2003,2014
101194,Anthony,Roberson,1983-02-14,Florida,USA,74,180,,1,0,0,,,,-1,-1,-1,2005,2008
101126,Nate,Robinson,1984-05-31,Washington,USA,69,180,,1,0,0,,,,2005,1,21,2005,2015
200771,Sergio,Rodriguez,1986-06-12,Estudiantes,Spain,75,176,14,1,0,0,0,1,1,2006,1,27,2006,2016
200765,Rajon,Rondo,1986-02-22,Kentucky,USA,73,180,1,1,0,0,0,1,1,2006,1,21,2006,2021
201565,Derrick,Rose,1988-10-04,Memphis,USA,75,200,23,1,0,0,0,1,1,2008,1,1,2008,2023
990,Malik,Rose,1974-11-23,Drexel,USA,79,255,9,0,1,0,0,1,1,1996,2,44,1996,2008
2624,Quinton,Ross,1981-04-30,Southern Methodist,USA,78,193,,1,1,0,1,1,1,-1,-1,-1,2004,2010
200750,Brandon,Roy,1984-07-23,Washington,USA,78,211,3,1,0,0,0,1,1,2006,1,6,2006,2012
1913,Michael,Ruffin,1977-01-21,Tulsa,USA,80,248,51,0,1,1,0,1,1,1999,2,32,1999,2008
201575,Brandon,Rush,1985-07-07,Kansas,USA,78,225,4,1,1,0,0,1,1,2008,1,13,2008,2016
2416,Kareem,Rush,1980-10-30,Missouri,USA,78,215,,1,0,0,1,1,1,2002,1,20,2002,2009
2422,John,Salmons,1979-12-12,Miami,USA,78,210,,0,1,0,0,1,1,2002,1,26,2002,2014
200798,Cheikh,Samb,1984-10-22,WTC Cornella,Senegal,85,245,,0,0,1,1,1,1,2006,2,51,2007,2008
2243,Brian,Scalabrine,1978-03-18,Southern California,USA,81,235,24,0,1,0,0,1,1,2001,2,34,2001,2011
2449,Luis,Scola,1980-04-30,Tau Ceramica,Argentina,81,241,,0,1,0,0,1,1,2002,2,55,2007,2016
200757,Thabo,Sefolosha,1984-05-02,Angelico Biella,Switzerland,78,215,18,1,1,0,0,1,1,2006,1,13,2006,2019
200754,Mouhamed,Sene,1986-05-12,Verviers-Pepinster,Senegal,83,230,18,0,0,1,1,1,1,2006,1,10,2006,2008
201196,Ramon,Sessions,1986-04-11,Nevada-Reno,USA,75,190,9,1,0,0,1,1,1,2007,2,56,2007,2017
2250,Bobby,Simmons,1980-06-02,DePaul,USA,78,235,21,0,1,0,1,1,1,2001,2,41,2001,2011
200759,Cedric,Simmons,1986-01-03,North Carolina State,USA,81,235,15,0,1,0,1,1,1,2006,1,15,2006,2008
201235,Courtney,Sims,1983-10-21,Michigan,USA,83,245,,0,0,1,1,1,1,-1,-1,-1,2007,2008
201606,Sean,Singletary,1985-09-06,Virginia,USA,72,185,44,1,0,0,1,1,1,2008,2,42,2008,2008
101189,James,Singleton,1981-07-20,Murray State,USA,80,230,,0,1,0,,,,-1,-1,-1,2005,2011
1730,Brian,Skinner,1976-05-19,Baylor,USA,81,255,,0,1,1,0,1,1,1998,1,22,1998,2011
200783,Craig,Smith,1983-11-10,Boston College,USA,79,265,83,0,1,0,1,1,1,2006,2,36,2006,2011
2747,JR,Smith,1985-09-09,No College,USA,78,220,21,1,0,0,0,1,1,2004,1,18,2004,2019
201160,Jason,Smith,1986-03-02,Colorado State,USA,84,240,,0,1,1,0,1,1,2007,1,20,2007,2018
693,Joe,Smith,1975-07-26,Maryland,USA,82,225,1,0,1,1,0,1,1,1995,1,1,1995,2010
2746,Josh,Smith,1985-12-05,Oak Hill Academy (VA),USA,81,225,,0,1,0,0,1,1,2004,1,17,2004,2017
727,Eric,Snow,1973-04-24,Michigan State,USA,75,205,20,1,0,0,0,1,1,1995,2,43,1995,2007
2745,Kirk,Snyder,1983-06-05,Nevada,USA,78,225,30,1,1,0,0,1,1,2004,1,16,2004,2007
2226,Will,Solomon,1978-07-20,Clemson,USA,73,185,,1,0,0,0,1,1,2001,2,32,2001,2008
2443,Darius,Songaila,1978-02-14,Wake Forest,Lithuania,81,248,25,0,1,0,0,1,1,2002,2,49,2003,2010
201578,Marreese,Speights,1987-08-04,Florida,USA,82,255,5,0,1,1,0,1,1,2008,1,16,2008,2017
711,Jerry,Stackhouse,1974-11-05,North Carolina,USA,78,218,42,0,1,0,0,1,1,1995,1,3,1995,2012
2052,DeShawn,Stevenson,1981-04-03,Washington Union HS (CA),USA,77,218,92,1,1,0,0,1,1,2000,1,23,2000,2012
978,Peja,Stojakovic,1977-06-09,PAOK,Serbia,82,229,16,0,1,0,0,1,1,1996,1,14,1998,2010
2852,Awvee,Storey,1977-04-18,Arizona State,USA,78,225,20,1,1,0,1,1,1,-1,-1,-1,2004,2007
757,Damon,Stoudamire,1973-09-03,Arizona,USA,70,171,3,1,0,0,0,1,1,1995,1,7,1995,2007
101136,Salim,Stoudamire,1982-10-11,Arizona,USA,73,175,,1,0,0,,,,2005,2,31,2005,2008
2405,Amar'e,Stoudemire,1982-11-16,Cypress Creek HS (FL),USA,82,245,5,0,1,1,0,1,1,2002,1,9,2002,2015
201199,DJ,Strawberry,1985-06-15,Maryland,USA,77,201,8,1,0,0,1,1,1,2007,2,59,2007,2007
201155,Rodney,Stuckey,1986-04-21,Eastern Washington,USA,77,205,,1,0,0,0,1,1,2007,1,15,2007,2016
201180,Yue,Sun,1985-11-06,Beijing,China,81,205,9,1,0,0,1,1,1,2007,2,40,2008,2008
2741,Robert,Swift,1985-12-03,Bakersfield HS (CA),USA,85,270,31,0,0,1,1,1,1,2004,1,12,2004,2008
2031,Stromile,Swift,1979-11-21,Louisiana State,USA,82,220,4,0,1,1,0,1,1,2000,1,2,2000,2008
1887,Wally,Szczerbiak,1977-03-05,Miami (Ohio),USA,79,240,10,1,1,0,0,1,1,1999,1,6,1999,2008
201446,Mike,Taylor,1986-01-21,Iowa State,USA,74,165,4,1,0,0,1,1,1,2008,2,55,2008,2008
2742,Sebastian,Telfair,1985-06-09,Abraham Lincoln HS (NY),USA,72,170,,1,0,0,0,1,1,2004,1,13,2004,2014
1891,Jason,Terry,1977-09-15,Arizona,USA,74,185,3,1,0,0,0,1,1,1999,1,10,1999,2017
2041,Etan,Thomas,1978-04-01,Syracuse,USA,82,260,36,0,0,1,0,1,1,2000,1,12,2001,2010
1903,Kenny,Thomas,1977-07-25,New Mexico,USA,79,245,,0,1,1,0,1,1,1999,1,22,1999,2009
703,Kurt,Thomas,1972-10-04,TCU,USA,81,240,,0,1,0,0,1,1,1995,1,10,1995,2012
1501,Tim,Thomas,1977-02-26,Villanova,USA,82,240,7,0,1,0,0,1,1,1997,1,7,1997,2009
200748,Tyrus,Thomas,1986-08-17,Louisiana State,USA,82,225,,0,1,0,1,1,1,2006,1,4,2006,2014
201574,Jason,Thompson,1986-07-21,Rider,USA,83,250,1,0,1,1,0,1,1,2008,1,12,2008,2015
201154,Al,Thornton,1983-12-07,Florida State,USA,80,235,23,0,1,0,0,1,1,2007,1,14,2007,2010
2224,Jamaal,Tinsley,1978-02-28,Iowa State,USA,75,188,,1,0,0,1,1,1,2001,1,27,2001,2013
201229,Anthony,Tolliver,1985-06-01,Creighton,USA,80,240,43,0,1,0,1,1,1,-1,-1,-1,2008,2020
201169,Alando,Tucker,1984-02-11,Wisconsin,USA,78,205,,0,1,0,1,1,1,2007,1,29,2007,2009
101142,Ronny,Turiaf,1983-01-13,Gonzaga,France,82,249,,0,0,1,,,,2005,2,37,2005,2014
2045,Hedo,Turkoglu,1979-03-19,Efes Pilsen,Turkey,82,220,15,0,1,0,0,1,1,2000,1,16,2000,2014
2137,Ime,Udoka,1977-08-09,Portland State,USA,77,220,,1,1,0,1,1,1,-1,-1,-1,2003,2010
2757,Beno,Udrih,1982-07-05,Olimpia Milano,Slovenia,75,205,19,1,0,0,0,1,1,2004,1,28,2004,2016
101146,Roko,Ukic,1984-12-05,Virtus Roma,Croatia,77,190,,1,0,0,,,,2005,2,41,2007,2009
2760,Anderson,Varejao,1982-09-28,FC Barcelona,Brazil,83,260,,0,1,0,0,1,1,2004,2,30,2004,2020
1521,Jacque,Vaughn,1975-02-11,Kansas,USA,73,190,11,1,0,0,0,1,1,1997,1,27,1997,2008
101111,Charlie,Villanueva,1984-08-24,Connecticut,USA,83,232,,0,1,0,,,,2005,1,7,2005,2015
200790,Marcus,Vinicius,1984-05-31,Sao Carlos,Brazil,80,225,,0,1,0,1,1,1,2006,2,43,2006,2007
2063,Jake,Voskuhl,1977-11-01,Connecticut,USA,83,255,77,0,0,1,0,1,1,2000,2,33,2000,2008
2756,Sasha,Vujacic,1984-03-08,Udine,Slovenia,79,195,18,1,0,0,0,1,1,2004,1,27,2004,2016
2548,Dwyane,Wade,1982-01-17,Marquette,USA,76,220,3,1,0,0,0,1,1,2003,1,5,2003,2018
101144,Von,Wafer,1985-07-21,Florida State,USA,77,209,,1,0,0,,,,2005,2,39,2005,2011
952,Antoine,Walker,1976-08-12,Kentucky,USA,81,245,24,0,1,0,1,1,1,1996,1,6,1996,2007
201611,Henry,Walker,1987-10-09,Kansas State,USA,78,235,5,0,1,0,1,1,1,2008,2,47,2008,2014
1112,Ben,Wallace,1974-09-10,Virginia Union,USA,81,240,6,0,1,1,0,1,1,-1,-1,-1,1996,2011
2222,Gerald,Wallace,1982-07-23,Alabama,USA,79,220,45,0,1,0,0,1,1,2001,1,25,2001,2014
739,Rasheed,Wallace,1974-09-17,North Carolina,USA,83,230,,0,1,1,0,1,1,1995,1,4,1995,2012
2575,Luke,Walton,1980-03-28,Arizona,USA,80,235,4,0,1,0,0,1,1,2003,2,32,2003,2012
101124,Hakim,Warrick,1982-07-08,Syracuse,USA,81,219,,0,1,0,,,,2005,1,19,2005,2012
200827,Darius,Washington,1985-12-06,Memphis,USA,74,195,,1,0,0,1,1,1,-1,-1,-1,2007,2007
201208,Darryl,Watkins,1984-11-08,Syracuse,USA,83,258,31,0,0,1,1,1,1,-1,-1,-1,2007,2011
201228,C.J.,Watson,1984-04-17,Tennessee,USA,74,175,32,1,0,0,1,1,1,-1,-1,-1,2007,2016
2248,Earl,Watson,1979-06-12,UCLA,USA,73,199,17,1,0,0,0,1,1,2001,2,39,2001,2013
201602,Kyle,Weaver,1986-02-18,Washington State,USA,78,201,,1,0,0,1,1,1,2008,2,38,2008,2010
185,Chris,Webber,1973-03-01,Michigan,USA,82,245,4,0,1,1,0,1,1,1993,1,1,1993,2007
101110,Martell,Webster,1986-12-04,Seattle Preparatory HS (WA),USA,79,230,,1,1,0,,,,2005,1,6,2005,2014
201603,Sonny,Weems,1986-07-08,Arkansas,USA,78,205,,1,1,0,1,1,1,2008,2,39,2008,2015
1719,Bonzi,Wells,1976-09-28,Ball State,USA,77,210,24,1,1,0,0,1,1,1998,1,11,1998,2007
2561,David,West,1980-08-29,Xavier,USA,81,250,3,0,1,0,0,1,1,2003,1,18,2003,2017
2753,Delonte,West,1983-07-26,St. Joseph's (PA),USA,75,180,13,1,0,0,1,1,1,2004,1,24,2004,2011
201238,Mario,West,1984-06-19,Georgia Tech,USA,77,210,6,1,0,0,1,1,1,-1,-1,-1,2007,2010
201566,Russell,Westbrook,1988-11-12,UCLA,USA,76,200,18,1,0,0,0,1,1,2008,1,4,2008,
201591,DJ,White,1986-08-31,Indiana,USA,81,250,8,0,1,0,1,1,1,2008,1,29,2008,2013
2404,Chris,Wilcox,1982-09-03,Maryland,USA,82,235,44,0,1,1,0,1,1,2002,1,8,2002,2012
2863,Damien,Wilkins,1980-01-11,Georgia,USA,78,217,,1,1,0,1,1,1,-1,-1,-1,2004,2017
2366,Mike,Wilks,1979-05-07,Rice,USA,70,180,,1,0,0,0,1,1,-1,-1,-1,2002,2009
1425,Aaron,Williams,1971-10-02,Xavier,USA,81,235,,0,1,1,0,1,1,-1,-1,-1,1993,2007
101114,Deron,Williams,1984-06-26,Illinois,USA,75,200,,1,0,0,,,,2005,1,3,2005,2016
1715,Jason,Williams,1975-11-18,Florida,USA,73,180,,1,0,0,0,1,1,1998,1,7,1998,2010
200818,Justin,Williams,1984-05-12,Wyoming,USA,82,260,,0,1,1,0,1,1,-1,-1,-1,2006,2007
101150,Lou,Williams,1986-10-27,South Gwinnett HS (GA),USA,74,175,,1,0,0,,,,2005,2,45,2005,2021
200766,Marcus,Williams,1985-12-03,Connecticut,USA,75,205,5,1,0,0,1,1,1,2006,1,22,2006,2009
201173,Marcus,Williams,1986-11-18,Arizona,USA,79,207,2,1,0,0,1,1,1,2007,2,33,2007,2008
101107,Marvin,Williams,1986-06-19,North Carolina,USA,80,237,,0,1,0,,,,2005,1,2,2005,2019
2590,Mo,Williams,1982-12-19,Alabama,USA,73,198,52,1,0,0,0,1,1,2003,2,47,2003,2015
201157,Sean,Williams,1986-09-13,Boston College,USA,82,235,56,0,1,1,1,1,1,2007,1,17,2007,2011
200761,Shawne,Williams,1986-02-16,Memphis,USA,82,230,3,0,1,0,1,1,1,2006,1,17,2006,2014
200749,Shelden,Williams,1983-10-21,Duke,USA,81,250,33,0,1,1,0,1,1,2006,1,5,2006,2011
2254,Loren,Woods,1978-06-21,Arizona,USA,86,260,33,0,0,1,1,1,1,2001,2,45,2001,2007
1897,Metta,World Peace,1979-11-13,St. John's (NY),USA,79,260,37,0,1,0,0,1,1,1999,1,16,1999,2016
101120,Antoine,Wright,1984-02-06,Texas A&M,USA,79,215,,1,1,0,,,,2005,1,15,2005,2010
201148,Brandan,Wright,1987-10-05,North Carolina,USA,82,235,,0,1,1,0,1,1,2007,1,8,2007,2017
2748,Dorell,Wright,1985-12-02,South Kent HS (CT),USA,81,205,11,1,1,0,1,1,1,2004,1,19,2004,2015
201153,Julian,Wright,1987-05-20,Kansas,USA,80,225,14,0,1,0,1,1,1,2007,1,13,2007,2010
953,Lorenzen,Wright,1975-11-04,Memphis,USA,83,255,55,0,1,1,0,1,1,1996,1,7,1996,2008
201146,Jianlian,Yi,1987-10-27,Guangdong,China,84,250,9,0,1,0,1,1,1,2007,1,6,2007,2011
201156,Nick,Young,1985-06-01,Southern California,USA,79,210,,1,1,0,0,1,1,2007,1,16,2007,2018
201152,Thaddeus,Young,1988-06-21,Georgia Tech,USA,80,225,30,0,1,0,0,1,1,2007,1,12,2007,2023
