gameId,gameDateTimeEst,teamCity,teamName,teamId,opponentTeamCity,opponentTeamName,opponentTeamId,home,win,teamScore,opponentScore,assists,blocks,steals,fieldGoalsAttempted,fieldGoalsMade,fieldGoalsPercentage,threePointersAttempted,threePointersMade,threePointersPercentage,freeThrowsAttempted,freeThrowsMade,freeThrowsPercentage,reboundsDefensive,reboundsOffensive,reboundsTotal,foulsPersonal,turnovers,plusMinusPoints,numMinutes,q1Points,q2Points,q3Points,q4Points,benchPoints,biggestLead,biggestScoringRun,leadChanges,pointsFastBreak,pointsFromTurnovers,pointsInThePaint,pointsSecondChance,timesTied,timeoutsRemaining,seasonWins,seasonLosses,coachId,gameType,gameLabel,gameSubLabel,seriesGameNumber,seed,reboundsTeam,turnoversTeam,ot1Points,ot2Points,otAllPoints,gameDate
20801228,2009-04-15 22:30:00,Los Angeles,Clippers,1610612746,Oklahoma City,Thunder,1610612760,1,0,85,126,16,6,7,80,35,0.438,19,5,0.263,14,10,0.714,27,5,32,23,22,-41,240.0,21,18,24,22,26,0,6,0,4,13,42,9,2,1,19,63,,Regular Season,,,,,9,0,,,,2009-04-15 22:30:00
20801228,2009-04-15 22:30:00,Oklahoma City,Thunder,1610612760,Los Angeles,Clippers,1610612746,0,1,126,85,36,4,17,89,48,0.539,12,4,0.333,32,26,0.813,37,12,49,15,13,41,240.0,28,32,32,34,57,41,8,0,19,23,62,17,2,1,23,59,,Regular Season,,,,,6,0,,,,2009-04-15 22:30:00
20801212,2009-04-13 22:00:00,Portland,Trail Blazers,1610612757,Oklahoma City,Thunder,1610612760,1,1,113,83,21,5,5,88,45,0.511,15,6,0.4,21,17,0.81,42,12,54,16,11,30,240.0,29,33,23,28,55,35,10,1,15,12,54,15,1,1,53,28,,Regular Season,,,,,6,0,,,,2009-04-13 22:00:00
20801212,2009-04-13 22:00:00,Oklahoma City,Thunder,1610612760,Portland,Trail Blazers,1610612757,0,0,83,113,19,8,9,82,33,0.402,12,2,0.167,19,15,0.789,28,8,36,17,11,-30,240.0,15,16,24,28,37,2,5,1,15,12,36,10,1,1,22,59,,Regular Season,,,,,4,0,,,,2009-04-13 22:00:00
20801193,2009-04-11 20:30:00,Milwaukee,Bucks,1610612749,Oklahoma City,Thunder,1610612760,1,1,115,98,31,6,7,82,43,0.524,22,9,0.409,26,20,0.769,32,9,41,17,11,17,240.0,22,34,37,22,36,24,9,8,14,18,40,12,4,1,33,47,,Regular Season,,,,,6,0,,,,2009-04-11 20:30:00
20801193,2009-04-11 20:30:00,Oklahoma City,Thunder,1610612760,Milwaukee,Bucks,1610612749,0,0,98,115,22,0,4,85,36,0.424,14,7,0.5,23,19,0.826,31,13,44,19,16,-17,240.0,24,27,21,26,39,5,9,8,8,7,34,16,4,1,22,58,,Regular Season,,,,,7,0,,,,2009-04-11 20:30:00
20801182,2009-04-10 20:00:00,Oklahoma City,Thunder,1610612760,Charlotte,Bobcats,1610612766,1,1,84,81,17,10,10,79,37,0.468,10,1,0.1,13,9,0.692,37,13,50,18,24,3,240.0,27,21,16,20,22,14,10,7,18,16,44,11,3,0,22,57,,Regular Season,,,,,8,0,,,,2009-04-10 20:00:00
20801182,2009-04-10 20:00:00,Charlotte,Bobcats,1610612766,Oklahoma City,Thunder,1610612760,0,0,81,84,16,3,13,87,29,0.333,26,7,0.269,21,16,0.762,27,12,39,15,15,-3,240.0,17,20,24,20,26,2,8,7,21,32,38,10,3,0,35,44,,Regular Season,,,,,12,1,,,,2009-04-10 20:00:00
20801170,2009-04-08 21:00:00,Denver,Nuggets,1610612743,Oklahoma City,Thunder,1610612760,1,1,122,112,26,13,11,80,43,0.538,17,6,0.353,36,30,0.833,30,10,40,22,12,10,240.0,27,26,36,33,46,12,9,13,23,28,56,10,10,1,53,26,,Regular Season,,,,,6,0,,,,2009-04-08 21:00:00
20801170,2009-04-08 21:00:00,Oklahoma City,Thunder,1610612760,Denver,Nuggets,1610612743,0,0,112,122,25,6,9,87,41,0.471,12,5,0.417,29,25,0.862,27,13,40,27,16,-10,240.0,29,27,28,28,22,7,9,13,11,11,50,13,10,1,21,57,,Regular Season,,,,,7,1,,,,2009-04-08 21:00:00
20801157,2009-04-07 20:00:00,San Antonio,Spurs,1610612759,Oklahoma City,Thunder,1610612760,0,1,99,89,16,7,7,82,39,0.476,15,6,0.4,21,15,0.714,32,11,43,13,10,10,240.0,25,26,24,24,31,12,8,16,3,17,42,13,6,1,50,27,,Regular Season,,,,,4,1,,,,2009-04-07 20:00:00
20801157,2009-04-07 20:00:00,Oklahoma City,Thunder,1610612760,San Antonio,Spurs,1610612759,1,0,89,99,18,3,6,75,34,0.453,9,6,0.667,21,15,0.714,33,9,42,18,11,-10,240.0,32,18,22,17,18,9,6,16,8,12,28,13,6,0,21,56,,Regular Season,,,,,7,0,,,,2009-04-07 20:00:00
20801149,2009-04-05 19:00:00,Indiana,Pacers,1610612754,Oklahoma City,Thunder,1610612760,0,1,117,99,17,3,9,88,44,0.5,20,8,0.4,25,21,0.84,39,7,46,18,15,18,240.0,31,26,33,27,27,27,9,1,13,21,40,7,2,1,33,44,,Regular Season,,,,,3,0,,,,2009-04-05 19:00:00
20801149,2009-04-05 19:00:00,Oklahoma City,Thunder,1610612760,Indiana,Pacers,1610612754,1,0,99,117,22,5,11,91,40,0.44,8,1,0.125,26,18,0.692,32,12,44,19,15,-18,240.0,19,29,19,32,47,1,6,1,15,15,48,12,2,1,21,55,,Regular Season,,,,,14,1,,,,2009-04-05 19:00:00
20801129,2009-04-03 20:00:00,Portland,Trail Blazers,1610612757,Oklahoma City,Thunder,1610612760,0,1,107,72,22,4,8,91,43,0.473,16,7,0.438,21,14,0.667,36,21,57,19,10,35,240.0,25,22,29,31,33,35,12,1,10,14,46,24,1,1,48,27,,Regular Season,,,,,9,0,,,,2009-04-03 20:00:00
20801129,2009-04-03 20:00:00,Oklahoma City,Thunder,1610612760,Portland,Trail Blazers,1610612757,1,0,72,107,16,6,5,74,27,0.365,11,2,0.182,20,16,0.8,23,9,32,15,12,-35,240.0,14,21,15,22,33,2,6,1,8,13,26,6,1,0,21,54,,Regular Season,,,,,8,0,,,,2009-04-03 20:00:00
20801109,2009-03-31 20:30:00,Oklahoma City,Thunder,1610612760,San Antonio,Spurs,1610612759,0,1,96,95,21,1,7,75,37,0.493,8,5,0.625,24,17,0.708,28,8,36,15,11,1,240.0,29,25,27,15,15,17,10,10,10,14,26,14,3,1,21,53,,Regular Season,,,,,9,2,,,,2009-03-31 20:30:00
20801109,2009-03-31 20:30:00,San Antonio,Spurs,1610612759,Oklahoma City,Thunder,1610612760,1,0,95,96,19,2,5,80,38,0.475,25,8,0.32,16,11,0.688,28,12,40,17,11,-1,240.0,32,16,27,20,23,8,11,10,9,15,50,10,3,1,48,26,,Regular Season,,,,,7,0,,,,2009-03-31 20:30:00
20801096,2009-03-29 19:00:00,Oklahoma City,Thunder,1610612760,Boston,Celtics,1610612738,0,0,84,103,18,8,6,83,30,0.361,5,1,0.2,28,23,0.821,25,11,36,18,12,-19,240.0,25,20,23,16,10,8,9,17,15,16,34,14,9,0,20,53,,Regular Season,,,,,15,1,,,,2009-03-29 19:00:00
20801096,2009-03-29 19:00:00,Boston,Celtics,1610612738,Oklahoma City,Thunder,1610612760,1,1,103,84,29,5,7,83,39,0.47,23,8,0.348,24,17,0.708,33,15,48,22,13,19,240.0,20,25,26,32,34,19,7,17,13,12,34,20,9,1,56,19,,Regular Season,,,,,10,1,,,,2009-03-29 19:00:00
20801075,2009-03-27 19:00:00,Oklahoma City,Thunder,1610612760,Toronto,Raptors,1610612761,0,0,96,112,21,6,5,84,35,0.417,13,3,0.231,29,23,0.793,29,8,37,14,11,-16,240.0,18,22,25,31,42,5,9,1,18,21,32,10,1,1,20,52,,Regular Season,,,,,7,0,,,,2009-03-27 19:00:00
20801075,2009-03-27 19:00:00,Toronto,Raptors,1610612761,Oklahoma City,Thunder,1610612760,1,1,112,96,36,9,6,95,48,0.505,18,8,0.444,9,8,0.889,41,13,54,19,14,16,240.0,28,23,33,28,38,25,10,1,14,20,40,15,1,1,27,45,,Regular Season,,,,,5,1,,,,2009-03-27 19:00:00
20801056,2009-03-24 20:00:00,Oklahoma City,Thunder,1610612760,Los Angeles,Lakers,1610612747,1,0,89,107,26,4,7,82,34,0.415,18,3,0.167,21,18,0.857,34,11,45,17,19,-18,240.0,20,18,34,17,22,0,6,0,14,11,38,13,0,1,20,51,,Regular Season,,,,,4,1,,,,2009-03-24 20:00:00
20801056,2009-03-24 20:00:00,Los Angeles,Lakers,1610612747,Oklahoma City,Thunder,1610612760,0,1,107,89,24,4,10,86,43,0.5,13,5,0.385,17,16,0.941,32,9,41,17,13,18,240.0,37,25,28,17,39,24,11,0,14,24,54,14,0,1,56,14,,Regular Season,,,,,5,0,,,,2009-03-24 20:00:00
20801043,2009-03-22 15:30:00,Minnesota,Timberwolves,1610612750,Oklahoma City,Thunder,1610612760,1,0,90,97,18,1,4,79,34,0.43,19,7,0.368,23,15,0.652,33,13,46,21,16,-7,240.0,16,23,14,37,55,1,12,1,14,12,36,13,0,1,20,50,,Regular Season,,,,,7,0,,,,2009-03-22 15:30:00
20801043,2009-03-22 15:30:00,Oklahoma City,Thunder,1610612760,Minnesota,Timberwolves,1610612750,0,1,97,90,22,3,10,83,37,0.446,11,4,0.364,27,19,0.704,34,12,46,19,10,7,240.0,26,31,27,13,26,32,11,1,14,20,40,10,0,0,20,50,,Regular Season,,,,,8,1,,,,2009-03-22 15:30:00
20801029,2009-03-20 20:00:00,Utah,Jazz,1610612762,Oklahoma City,Thunder,1610612760,0,1,101,94,24,3,8,84,41,0.488,7,1,0.143,26,18,0.692,30,11,41,13,10,7,240.0,23,26,28,24,31,15,6,9,20,23,56,10,3,0,43,26,,Regular Season,,,,,9,0,,,,2009-03-20 20:00:00
20801029,2009-03-20 20:00:00,Oklahoma City,Thunder,1610612760,Utah,Jazz,1610612762,1,0,94,101,25,3,5,87,39,0.448,16,5,0.313,14,11,0.786,32,14,46,28,18,-7,240.0,24,16,26,28,19,4,6,9,13,13,46,10,3,0,19,50,,Regular Season,,,,,6,1,,,,2009-03-20 20:00:00
20801016,2009-03-18 20:00:00,Chicago,Bulls,1610612741,Oklahoma City,Thunder,1610612760,0,1,103,96,12,4,8,80,42,0.525,10,3,0.3,21,16,0.762,30,14,44,20,22,7,240.0,22,29,29,23,24,9,6,6,9,12,42,16,2,0,32,37,,Regular Season,,,,,11,2,,,,2009-03-18 20:00:00
20801016,2009-03-18 20:00:00,Oklahoma City,Thunder,1610612760,Chicago,Bulls,1610612741,1,0,96,103,13,9,11,82,39,0.476,11,2,0.182,21,16,0.762,18,13,31,19,15,-7,240.0,29,27,19,21,22,8,7,6,22,30,48,20,2,0,19,49,,Regular Season,,,,,5,0,,,,2009-03-18 20:00:00
20800999,2009-03-16 20:00:00,Oklahoma City,Thunder,1610612760,San Antonio,Spurs,1610612759,1,1,78,76,13,4,10,81,29,0.358,7,3,0.429,21,17,0.81,33,10,43,11,12,2,240.0,14,24,23,17,18,4,9,1,15,21,30,7,5,0,19,48,,Regular Season,,,,,9,1,,,,2009-03-16 20:00:00
20800999,2009-03-16 20:00:00,San Antonio,Spurs,1610612759,Oklahoma City,Thunder,1610612760,0,0,76,78,15,3,6,79,33,0.418,19,3,0.158,12,7,0.583,39,7,46,14,16,-2,240.0,29,13,21,13,13,17,8,1,6,14,26,4,5,0,44,22,,Regular Season,,,,,9,1,,,,2009-03-16 20:00:00
20800984,2009-03-14 22:00:00,Phoenix,Suns,1610612756,Oklahoma City,Thunder,1610612760,1,1,106,95,19,4,10,80,39,0.488,20,8,0.4,28,20,0.714,25,16,41,19,16,11,240.0,18,28,26,34,44,13,8,7,17,24,42,21,8,1,35,31,,Regular Season,,,,,8,0,,,,2009-03-14 22:00:00
20800984,2009-03-14 22:00:00,Oklahoma City,Thunder,1610612760,Phoenix,Suns,1610612756,0,0,95,106,18,3,8,80,37,0.463,12,3,0.25,20,18,0.9,26,12,38,24,22,-11,240.0,27,25,20,23,13,13,8,7,10,10,38,17,8,0,18,48,,Regular Season,,,,,7,1,,,,2009-03-14 22:00:00
20800963,2009-03-11 21:00:00,Oklahoma City,Thunder,1610612760,Denver,Nuggets,1610612743,0,0,99,112,13,7,8,82,33,0.402,13,3,0.231,32,30,0.938,25,18,43,22,16,-13,240.0,19,25,26,29,38,0,7,0,15,17,48,18,0,1,18,47,,Regular Season,,,,,6,0,,,,2009-03-11 21:00:00
20800963,2009-03-11 21:00:00,Denver,Nuggets,1610612743,Oklahoma City,Thunder,1610612760,1,1,112,99,33,10,11,84,42,0.5,14,5,0.357,31,23,0.742,28,15,43,21,14,13,240.0,31,22,30,29,36,19,8,0,25,15,60,18,0,1,41,25,,Regular Season,,,,,9,0,,,,2009-03-11 21:00:00
20800953,2009-03-10 22:00:00,Sacramento,Kings,1610612758,Oklahoma City,Thunder,1610612760,1,0,98,99,23,4,10,83,40,0.482,21,7,0.333,14,11,0.786,25,11,36,22,22,-1,240.0,26,29,21,22,37,2,10,18,10,21,46,7,13,0,14,50,,Regular Season,,,,,5,0,,,,2009-03-10 22:00:00
20800953,2009-03-10 22:00:00,Oklahoma City,Thunder,1610612760,Sacramento,Kings,1610612758,0,1,99,98,15,3,11,83,37,0.446,12,3,0.25,23,22,0.957,30,14,44,17,24,1,240.0,27,28,29,15,22,10,10,18,22,22,36,14,13,0,18,46,,Regular Season,,,,,8,1,,,,2009-03-10 22:00:00
20800941,2009-03-08 19:00:00,Oklahoma City,Thunder,1610612760,Philadelphia,76ers,1610612755,1,1,89,74,16,5,13,73,35,0.479,9,2,0.222,21,17,0.81,31,10,41,20,21,15,240.0,18,30,18,23,27,17,16,2,7,19,38,19,3,1,17,46,,Regular Season,,,,,8,3,,,,2009-03-08 19:00:00
20800941,2009-03-08 19:00:00,Philadelphia,76ers,1610612755,Oklahoma City,Thunder,1610612760,0,0,74,89,9,3,7,71,28,0.394,13,3,0.231,25,15,0.6,24,9,33,20,21,-15,240.0,24,12,16,22,23,6,8,2,16,16,34,15,3,1,30,31,,Regular Season,,,,,13,1,,,,2009-03-08 19:00:00
20800931,2009-03-07 20:00:00,Oklahoma City,Thunder,1610612760,New Orleans,Hornets,1610612740,0,0,90,108,15,2,12,83,33,0.398,22,5,0.227,21,19,0.905,24,14,38,19,16,-18,240.0,18,31,23,18,23,1,11,4,13,12,36,8,2,0,16,46,,Regular Season,,,,,3,2,,,,2009-03-07 20:00:00
20800931,2009-03-07 20:00:00,New Orleans,Hornets,1610612740,Oklahoma City,Thunder,1610612760,1,1,108,90,26,2,10,78,42,0.538,17,6,0.353,24,18,0.75,35,9,44,15,15,18,240.0,31,22,23,32,21,20,9,4,27,16,54,9,2,1,39,22,,Regular Season,,,,,9,0,,,,2009-03-07 20:00:00
20800909,2009-03-04 20:00:00,Oklahoma City,Thunder,1610612760,Washington,Wizards,1610612764,1,1,88,83,23,5,7,74,37,0.5,12,3,0.25,17,11,0.647,30,11,41,20,16,5,240.0,20,24,24,20,19,10,8,12,7,5,38,6,9,0,16,45,,Regular Season,,,,,9,2,,,,2009-03-04 20:00:00
20800909,2009-03-04 20:00:00,Washington,Wizards,1610612764,Oklahoma City,Thunder,1610612760,0,0,83,88,14,2,5,75,30,0.4,9,3,0.333,25,20,0.8,20,10,30,15,11,-5,240.0,26,17,19,21,16,7,6,12,0,19,36,21,9,1,14,47,,Regular Season,,,,,13,1,,,,2009-03-04 20:00:00
20800895,2009-03-02 20:00:00,Dallas,Mavericks,1610612742,Oklahoma City,Thunder,1610612760,0,0,87,96,17,2,11,80,34,0.425,24,7,0.292,14,12,0.857,25,9,34,15,12,-9,240.0,23,21,15,28,39,2,11,6,16,13,22,10,7,0,36,24,,Regular Season,,,,,7,0,,,,2009-03-02 20:00:00
20800895,2009-03-02 20:00:00,Oklahoma City,Thunder,1610612760,Dallas,Mavericks,1610612742,1,1,96,87,23,6,7,77,38,0.494,13,5,0.385,17,15,0.882,30,11,41,18,18,9,240.0,23,25,31,17,18,23,9,6,0,21,38,12,7,0,15,45,,Regular Season,,,,,7,0,,,,2009-03-02 20:00:00
20800878,2009-02-28 20:00:00,Oklahoma City,Thunder,1610612760,Memphis,Grizzlies,1610612763,0,1,99,92,17,6,10,81,33,0.407,12,4,0.333,36,29,0.806,29,13,42,20,14,7,240.0,29,27,21,22,14,16,10,1,10,25,38,19,1,0,14,45,,Regular Season,,,,,10,1,,,,2009-02-28 20:00:00
20800878,2009-02-28 20:00:00,Memphis,Grizzlies,1610612763,Oklahoma City,Thunder,1610612760,1,0,92,99,17,4,7,73,35,0.479,9,3,0.333,30,19,0.633,36,8,44,28,17,-7,240.0,17,28,16,31,22,2,9,1,13,12,52,8,1,0,15,43,,Regular Season,,,,,8,2,,,,2009-02-28 20:00:00
20800870,2009-02-27 20:30:00,Oklahoma City,Thunder,1610612760,Dallas,Mavericks,1610612742,0,0,108,110,23,2,8,96,39,0.406,16,7,0.438,26,23,0.885,33,19,52,27,14,-2,265.0,22,21,26,26,19,12,9,14,18,15,40,22,18,0,13,45,,Regular Season,,,,,5,1,13,,13,2009-02-27 20:30:00
20800870,2009-02-27 20:30:00,Dallas,Mavericks,1610612742,Oklahoma City,Thunder,1610612760,1,1,110,108,28,6,7,94,42,0.447,21,4,0.19,27,22,0.815,37,15,52,21,13,2,265.0,24,24,16,31,37,8,16,14,20,17,46,15,18,0,35,23,,Regular Season,,,,,8,1,15,,15,2009-02-27 20:30:00
20800846,2009-02-24 20:00:00,Oklahoma City,Thunder,1610612760,Los Angeles,Lakers,1610612747,1,0,93,107,17,1,6,79,33,0.418,15,5,0.333,29,22,0.759,33,12,45,18,17,-14,240.0,22,22,24,25,25,2,9,1,9,14,34,13,0,0,13,44,,Regular Season,,,,,7,1,,,,2009-02-24 20:00:00
20800846,2009-02-24 20:00:00,Los Angeles,Lakers,1610612747,Oklahoma City,Thunder,1610612760,0,1,107,93,21,3,10,78,41,0.526,15,7,0.467,23,18,0.783,27,3,30,21,12,14,240.0,32,24,19,32,26,18,10,1,8,20,30,10,0,1,47,10,,Regular Season,,,,,13,1,,,,2009-02-24 20:00:00
20800826,2009-02-21 22:30:00,Golden State,Warriors,1610612744,Oklahoma City,Thunder,1610612760,1,1,133,120,21,3,14,80,45,0.563,19,9,0.474,37,34,0.919,24,3,27,21,17,13,240.0,34,36,31,32,44,13,8,7,31,30,40,9,8,1,20,36,,Regular Season,,,,,7,0,,,,2009-02-21 22:30:00
20800826,2009-02-21 22:30:00,Oklahoma City,Thunder,1610612760,Golden State,Warriors,1610612744,0,0,120,133,28,2,14,86,45,0.523,14,2,0.143,33,28,0.848,28,16,44,23,23,-13,240.0,38,32,24,26,9,10,8,7,31,23,54,12,8,0,13,43,,Regular Season,,,,,6,1,,,,2009-02-21 22:30:00
20800819,2009-02-20 21:00:00,Oklahoma City,Thunder,1610612760,Phoenix,Suns,1610612756,0,0,118,140,26,4,5,96,44,0.458,21,12,0.571,21,18,0.857,28,19,47,27,23,-22,240.0,23,34,36,25,35,0,7,0,11,10,34,24,5,1,13,42,,Regular Season,,,,,6,0,,,,2009-02-20 21:00:00
20800819,2009-02-20 21:00:00,Phoenix,Suns,1610612756,Oklahoma City,Thunder,1610612760,1,1,140,118,35,4,14,91,53,0.582,22,12,0.545,27,22,0.815,30,10,40,20,11,22,240.0,38,41,24,37,24,28,12,0,37,33,66,11,5,1,31,23,,Regular Season,,,,,5,0,,,,2009-02-20 21:00:00
20800793,2009-02-17 20:00:00,Oklahoma City,Thunder,1610612760,New Orleans,Hornets,1610612740,1,0,98,100,19,3,5,84,36,0.429,23,6,0.261,25,20,0.8,32,13,45,17,11,-2,240.0,18,29,24,27,9,2,9,9,13,17,46,13,6,0,13,41,,Regular Season,,,,,5,1,,,,2009-02-17 20:00:00
20800793,2009-02-17 20:00:00,New Orleans,Hornets,1610612740,Oklahoma City,Thunder,1610612760,0,1,100,98,17,5,7,79,39,0.494,23,8,0.348,17,14,0.824,35,6,41,18,11,2,240.0,32,21,25,22,13,16,10,9,3,17,32,6,6,1,31,20,,Regular Season,,,,,5,0,,,,2009-02-17 20:00:00
20800783,2009-02-11 22:00:00,Oklahoma City,Thunder,1610612760,Portland,Trail Blazers,1610612757,0,0,92,106,21,3,7,82,32,0.39,7,1,0.143,32,27,0.844,21,14,35,20,11,-14,240.0,20,26,28,18,28,2,7,6,15,18,32,19,7,1,13,40,,Regular Season,,,,,10,0,,,,2009-02-11 22:00:00
20800783,2009-02-11 22:00:00,Portland,Trail Blazers,1610612757,Oklahoma City,Thunder,1610612760,1,1,106,92,29,5,8,86,42,0.488,19,8,0.421,20,14,0.7,32,16,48,22,15,14,240.0,23,30,27,26,52,20,14,6,15,13,50,24,7,0,32,19,,Regular Season,,,,,12,0,,,,2009-02-11 22:00:00
20800772,2009-02-10 22:30:00,Los Angeles,Lakers,1610612747,Oklahoma City,Thunder,1610612760,1,1,105,98,21,4,7,99,45,0.455,20,5,0.25,17,10,0.588,40,16,56,18,13,7,240.0,25,35,20,25,31,15,11,12,8,12,54,21,10,1,42,9,,Regular Season,,,,,8,0,,,,2009-02-10 22:30:00
20800772,2009-02-10 22:30:00,Oklahoma City,Thunder,1610612760,Los Angeles,Lakers,1610612747,0,0,98,105,25,6,8,89,35,0.393,18,7,0.389,25,21,0.84,36,10,46,20,14,-7,240.0,25,22,26,25,21,5,6,12,22,15,36,12,10,0,13,39,,Regular Season,,,,,9,1,,,,2009-02-10 22:30:00
20800757,2009-02-08 19:00:00,Oklahoma City,Thunder,1610612760,Sacramento,Kings,1610612758,1,1,116,113,23,5,7,85,45,0.529,11,4,0.364,28,22,0.786,30,11,41,15,11,3,240.0,34,25,25,32,27,19,8,9,15,13,54,18,12,0,13,38,,Regular Season,,,,,5,1,,,,2009-02-08 19:00:00
20800757,2009-02-08 19:00:00,Sacramento,Kings,1610612758,Oklahoma City,Thunder,1610612760,0,0,113,116,23,4,6,80,44,0.55,18,12,0.667,16,13,0.813,28,6,34,22,13,-3,240.0,23,23,34,33,17,3,8,9,13,14,40,8,12,0,11,41,,Regular Season,,,,,5,1,,,,2009-02-08 19:00:00
20800739,2009-02-06 20:00:00,Portland,Trail Blazers,1610612757,Oklahoma City,Thunder,1610612760,0,0,93,102,18,5,4,80,36,0.45,18,6,0.333,21,15,0.714,28,9,37,24,13,-9,240.0,25,15,26,27,28,0,9,0,8,16,44,9,5,0,30,19,,Regular Season,,,,,8,0,,,,2009-02-06 20:00:00
20800739,2009-02-06 20:00:00,Oklahoma City,Thunder,1610612760,Portland,Trail Blazers,1610612757,1,1,102,93,23,4,6,80,40,0.5,7,2,0.286,24,20,0.833,32,11,43,17,14,9,240.0,37,23,21,21,18,22,7,0,13,13,52,8,5,1,12,38,,Regular Season,,,,,6,2,,,,2009-02-06 20:00:00
20800728,2009-02-04 20:00:00,Denver,Nuggets,1610612743,Oklahoma City,Thunder,1610612760,0,1,114,113,26,1,9,93,47,0.505,9,6,0.667,19,14,0.737,27,13,40,23,12,1,240.0,32,27,30,25,43,6,8,14,16,21,64,17,11,0,33,16,,Regular Season,,,,,7,0,,,,2009-02-04 20:00:00
20800728,2009-02-04 20:00:00,Oklahoma City,Thunder,1610612760,Denver,Nuggets,1610612743,1,0,113,114,24,3,6,84,42,0.5,16,6,0.375,31,23,0.742,28,17,45,14,16,-1,240.0,31,39,24,19,25,17,15,14,24,16,56,17,11,0,11,38,,Regular Season,,,,,9,0,,,,2009-02-04 20:00:00
20800705,2009-02-01 15:00:00,Sacramento,Kings,1610612758,Oklahoma City,Thunder,1610612760,1,1,122,118,25,8,9,97,44,0.454,22,7,0.318,34,27,0.794,26,17,43,28,14,4,265.0,33,30,29,20,36,8,8,10,15,24,48,13,15,1,11,38,,Regular Season,,,,,15,0,10,,10,2009-02-01 15:00:00
20800705,2009-02-01 15:00:00,Oklahoma City,Thunder,1610612760,Sacramento,Kings,1610612758,0,0,118,122,21,3,6,90,41,0.456,14,3,0.214,39,33,0.846,30,21,51,29,18,-4,265.0,31,26,33,22,11,5,10,10,15,12,52,20,15,0,11,37,,Regular Season,,,,,6,0,6,,6,2009-02-01 15:00:00
20800689,2009-01-30 21:00:00,Utah,Jazz,1610612762,Oklahoma City,Thunder,1610612760,1,1,110,90,32,4,12,86,44,0.512,17,7,0.412,23,15,0.652,22,12,34,23,12,20,240.0,28,36,31,15,20,24,13,11,16,25,48,15,4,1,26,21,,Regular Season,,,,,12,0,,,,2009-01-30 21:00:00
20800689,2009-01-30 21:00:00,Oklahoma City,Thunder,1610612760,Utah,Jazz,1610612762,0,0,90,110,14,2,3,71,34,0.479,11,2,0.182,25,20,0.8,29,14,43,24,25,-20,240.0,26,25,24,15,17,4,7,11,16,10,42,15,4,1,11,36,,Regular Season,,,,,3,1,,,,2009-01-30 21:00:00
20800674,2009-01-28 20:00:00,Oklahoma City,Thunder,1610612760,Memphis,Grizzlies,1610612763,1,1,114,102,25,8,8,86,44,0.512,13,8,0.615,29,18,0.621,35,12,47,17,15,12,265.0,24,32,25,19,29,12,14,8,17,18,40,14,6,1,11,35,,Regular Season,,,,,16,0,14,,14,2009-01-28 20:00:00
20800674,2009-01-28 20:00:00,Memphis,Grizzlies,1610612763,Oklahoma City,Thunder,1610612760,0,0,102,114,17,2,10,85,37,0.435,21,8,0.381,25,20,0.8,31,7,38,23,14,-12,265.0,37,20,14,29,24,14,8,8,19,14,36,8,6,0,11,34,,Regular Season,,,,,5,1,2,,2,2009-01-28 20:00:00
20800660,2009-01-26 20:00:00,Oklahoma City,Thunder,1610612760,New Jersey,Nets,1610612751,1,1,94,85,18,7,6,73,30,0.411,11,4,0.364,38,30,0.789,37,15,52,14,19,9,240.0,24,27,31,12,30,30,12,1,18,14,36,13,3,0,10,35,,Regular Season,,,,,5,1,,,,2009-01-26 20:00:00
20800660,2009-01-26 20:00:00,New Jersey,Nets,1610612751,Oklahoma City,Thunder,1610612760,0,0,85,94,19,3,16,85,34,0.4,17,4,0.235,18,13,0.722,31,14,45,25,16,-9,240.0,23,17,14,31,36,4,20,1,12,23,42,14,3,0,20,25,,Regular Season,,,,,5,2,,,,2009-01-26 20:00:00
20800639,2009-01-23 22:30:00,Oklahoma City,Thunder,1610612760,Los Angeles,Clippers,1610612746,0,0,104,107,17,4,3,75,32,0.427,15,7,0.467,39,33,0.846,31,17,48,24,18,-3,240.0,29,24,19,32,25,7,10,6,9,8,32,12,6,0,9,35,,Regular Season,,,,,8,0,,,,2009-01-23 22:30:00
20800639,2009-01-23 22:30:00,Los Angeles,Clippers,1610612746,Oklahoma City,Thunder,1610612760,1,1,107,104,25,8,9,79,38,0.481,19,11,0.579,24,20,0.833,23,8,31,29,7,3,240.0,25,25,27,30,26,8,6,6,6,18,34,9,6,0,10,32,,Regular Season,,,,,7,0,,,,2009-01-23 22:30:00
20800626,2009-01-21 22:30:00,Golden State,Warriors,1610612744,Oklahoma City,Thunder,1610612760,1,0,121,122,25,6,6,75,39,0.52,12,5,0.417,40,38,0.95,25,7,32,26,14,-1,240.0,34,34,27,26,50,6,8,22,24,19,42,8,15,1,13,30,,Regular Season,,,,,7,0,,,,2009-01-21 22:30:00
20800626,2009-01-21 22:30:00,Oklahoma City,Thunder,1610612760,Golden State,Warriors,1610612744,0,1,122,121,24,1,8,85,42,0.494,13,8,0.615,33,30,0.909,25,14,39,27,15,1,240.0,37,35,17,33,24,8,8,22,22,21,50,20,15,0,9,34,,Regular Season,,,,,6,0,,,,2009-01-21 22:30:00
20800600,2009-01-18 19:00:00,Oklahoma City,Thunder,1610612760,Miami,Heat,1610612748,1,0,94,104,18,6,6,72,34,0.472,13,4,0.308,30,22,0.733,32,7,39,15,18,-10,240.0,27,23,23,21,14,2,8,7,18,21,46,14,8,1,8,34,,Regular Season,,,,,10,1,,,,2009-01-18 19:00:00
20800600,2009-01-18 19:00:00,Miami,Heat,1610612748,Oklahoma City,Thunder,1610612760,0,1,104,94,22,9,6,85,41,0.482,21,11,0.524,14,11,0.786,27,6,33,20,12,10,240.0,31,26,27,20,34,15,8,7,7,18,38,15,8,1,22,18,,Regular Season,,,,,11,0,,,,2009-01-18 19:00:00
20800585,2009-01-16 20:00:00,Detroit,Pistons,1610612765,Oklahoma City,Thunder,1610612760,0,0,79,89,15,5,9,80,37,0.463,8,2,0.25,8,3,0.375,30,5,35,20,11,-10,240.0,18,28,21,12,14,4,6,11,10,12,44,5,10,1,22,16,,Regular Season,,,,,5,1,,,,2009-01-16 20:00:00
20800585,2009-01-16 20:00:00,Oklahoma City,Thunder,1610612760,Detroit,Pistons,1610612765,1,1,89,79,24,5,4,82,35,0.427,9,4,0.444,20,15,0.75,38,14,52,15,14,10,240.0,21,28,22,18,24,17,15,11,8,8,42,16,10,0,8,33,,Regular Season,,,,,8,0,,,,2009-01-16 20:00:00
20800572,2009-01-14 20:00:00,Oklahoma City,Thunder,1610612760,Utah,Jazz,1610612762,1,1,114,93,17,3,6,71,39,0.549,6,3,0.5,38,33,0.868,39,9,48,23,19,21,240.0,27,23,36,28,27,21,11,1,16,14,42,16,3,1,7,33,,Regular Season,,,,,11,2,,,,2009-01-14 20:00:00
20800572,2009-01-14 20:00:00,Utah,Jazz,1610612762,Oklahoma City,Thunder,1610612760,0,0,93,114,22,5,8,83,35,0.422,14,4,0.286,27,19,0.704,19,7,26,27,9,-21,240.0,22,26,23,22,42,2,9,1,7,25,46,11,3,1,23,16,,Regular Season,,,,,8,0,,,,2009-01-14 20:00:00
20800555,2009-01-12 19:30:00,New Jersey,Nets,1610612751,Oklahoma City,Thunder,1610612760,1,1,103,99,19,4,13,98,39,0.398,26,6,0.231,22,19,0.864,31,18,49,25,14,4,265.0,25,19,23,21,23,12,16,2,22,28,58,18,6,1,19,19,,Regular Season,,,,,11,1,15,,15,2009-01-12 19:30:00
20800555,2009-01-12 19:30:00,Oklahoma City,Thunder,1610612760,New Jersey,Nets,1610612751,0,0,99,103,20,4,6,82,36,0.439,10,3,0.3,29,24,0.828,37,11,48,21,23,-4,265.0,25,26,14,23,27,8,8,2,18,20,56,14,6,0,6,33,,Regular Season,,,,,5,1,11,,11,2009-01-12 19:30:00
20800542,2009-01-10 20:30:00,Oklahoma City,Thunder,1610612760,Chicago,Bulls,1610612741,0,1,109,98,25,4,11,98,40,0.408,10,1,0.1,34,28,0.824,37,22,59,21,19,11,265.0,31,23,22,18,28,11,9,12,18,25,54,28,10,1,6,32,,Regular Season,,,,,14,2,15,,15,2009-01-10 20:30:00
20800542,2009-01-10 20:30:00,Chicago,Bulls,1610612741,Oklahoma City,Thunder,1610612760,1,0,98,109,16,10,9,92,40,0.435,14,5,0.357,18,13,0.722,26,11,37,28,16,-11,265.0,29,22,23,20,18,5,8,12,16,19,38,12,10,0,16,21,,Regular Season,,,,,11,0,4,,4,2009-01-10 20:30:00
20800533,2009-01-09 20:00:00,Oklahoma City,Thunder,1610612760,Houston,Rockets,1610612745,1,0,96,98,20,4,6,81,39,0.481,8,4,0.5,16,14,0.875,32,12,44,25,22,-2,240.0,24,16,32,24,31,9,6,3,11,14,38,12,7,0,5,32,,Regular Season,,,,,5,1,,,,2009-01-09 20:00:00
20800533,2009-01-09 20:00:00,Houston,Rockets,1610612745,Oklahoma City,Thunder,1610612760,0,1,98,96,14,4,14,74,34,0.459,20,5,0.25,31,25,0.806,26,5,31,17,16,2,240.0,24,29,24,21,25,15,10,3,18,21,42,8,7,1,23,15,,Regular Season,,,,,10,0,,,,2009-01-09 20:00:00
20800520,2009-01-07 20:00:00,Minnesota,Timberwolves,1610612750,Oklahoma City,Thunder,1610612760,1,1,129,87,23,8,12,92,48,0.522,28,12,0.429,31,21,0.677,39,18,57,14,13,42,240.0,42,30,26,31,43,44,12,0,10,32,62,22,0,1,10,25,,Regular Season,,,,,8,1,,,,2009-01-07 20:00:00
20800520,2009-01-07 20:00:00,Oklahoma City,Thunder,1610612760,Minnesota,Timberwolves,1610612750,0,0,87,129,23,4,4,88,35,0.398,11,3,0.273,16,14,0.875,31,7,38,19,16,-42,240.0,24,19,23,21,41,0,6,0,15,8,40,8,0,1,5,31,,Regular Season,,,,,6,1,,,,2009-01-07 20:00:00
20800510,2009-01-06 20:00:00,Oklahoma City,Thunder,1610612760,New York,Knicks,1610612752,1,1,107,99,23,8,9,74,39,0.527,16,5,0.313,31,24,0.774,37,9,46,16,19,8,240.0,35,28,28,16,18,23,11,3,11,16,42,11,2,1,5,30,,Regular Season,,,,,8,1,,,,2009-01-06 20:00:00
20800510,2009-01-06 20:00:00,New York,Knicks,1610612752,Oklahoma City,Thunder,1610612760,0,0,99,107,13,0,8,88,35,0.398,34,11,0.324,19,18,0.947,25,10,35,24,15,-8,240.0,23,27,29,20,41,4,10,3,13,27,46,9,2,0,13,20,,Regular Season,,,,,7,1,,,,2009-01-06 20:00:00
20800482,2009-01-02 20:00:00,Denver,Nuggets,1610612743,Oklahoma City,Thunder,1610612760,0,1,122,120,23,3,9,75,41,0.547,20,10,0.5,39,30,0.769,26,9,35,24,14,2,240.0,32,21,36,33,18,11,9,11,16,20,46,13,9,0,22,12,,Regular Season,,,,,8,0,,,,2009-01-02 20:00:00
20800482,2009-01-02 20:00:00,Oklahoma City,Thunder,1610612760,Denver,Nuggets,1610612743,1,0,120,122,25,5,8,77,45,0.584,13,8,0.615,26,22,0.846,23,7,30,26,16,-2,240.0,26,38,32,24,41,14,8,11,20,24,54,9,9,0,4,30,,Regular Season,,,,,6,0,,,,2009-01-02 20:00:00
20800471,2008-12-31 20:00:00,Golden State,Warriors,1610612744,Oklahoma City,Thunder,1610612760,0,0,100,107,20,4,9,76,35,0.461,21,9,0.429,26,21,0.808,26,9,35,24,20,-7,240.0,28,27,15,30,42,12,7,15,9,13,36,10,3,0,10,24,,Regular Season,,,,,6,0,,,,2008-12-31 20:00:00
20800471,2008-12-31 20:00:00,Oklahoma City,Thunder,1610612760,Golden State,Warriors,1610612744,1,1,107,100,18,6,12,85,41,0.482,8,3,0.375,27,22,0.815,31,14,45,22,16,7,240.0,22,29,27,29,36,12,7,15,12,24,60,25,3,1,4,29,,Regular Season,,,,,9,1,,,,2008-12-31 20:00:00
20800454,2008-12-29 20:00:00,Oklahoma City,Thunder,1610612760,Phoenix,Suns,1610612756,1,0,102,110,21,4,7,72,38,0.528,15,5,0.333,31,21,0.677,28,7,35,26,15,-8,240.0,34,21,32,15,13,10,9,3,13,18,50,8,3,1,3,29,,Regular Season,,,,,12,0,,,,2008-12-29 20:00:00
20800454,2008-12-29 20:00:00,Phoenix,Suns,1610612756,Oklahoma City,Thunder,1610612760,0,1,110,102,22,4,10,84,42,0.5,21,7,0.333,24,19,0.792,23,14,37,22,14,8,240.0,34,26,32,18,37,15,9,3,18,20,60,16,3,1,17,12,,Regular Season,,,,,7,0,,,,2008-12-29 20:00:00
20800438,2008-12-27 19:00:00,Oklahoma City,Thunder,1610612760,Washington,Wizards,1610612764,0,0,95,104,23,11,7,77,37,0.481,12,5,0.417,19,16,0.842,31,11,42,11,20,-9,240.0,31,23,22,19,19,5,10,11,22,14,50,9,12,1,3,28,,Regular Season,,,,,6,1,,,,2008-12-27 19:00:00
20800438,2008-12-27 19:00:00,Washington,Wizards,1610612764,Oklahoma City,Thunder,1610612760,1,1,104,95,31,5,12,100,45,0.45,15,3,0.2,16,11,0.688,26,21,47,16,11,9,240.0,33,23,20,28,26,13,12,11,15,24,50,16,12,1,5,23,,Regular Season,,,,,8,0,,,,2008-12-27 19:00:00
20800429,2008-12-26 20:00:00,Oklahoma City,Thunder,1610612760,Detroit,Pistons,1610612765,0,0,88,90,20,3,3,82,37,0.451,9,2,0.222,19,12,0.632,35,11,46,13,15,-2,240.0,17,27,19,25,20,6,13,17,13,8,44,15,14,0,3,27,,Regular Season,,,,,11,1,,,,2008-12-26 20:00:00
20800429,2008-12-26 20:00:00,Detroit,Pistons,1610612765,Oklahoma City,Thunder,1610612760,1,1,90,88,17,5,6,87,39,0.448,10,2,0.2,12,10,0.833,31,10,41,17,12,2,240.0,19,27,20,24,20,14,8,17,9,18,44,12,14,0,16,11,,Regular Season,,,,,4,0,,,,2008-12-26 20:00:00
20800409,2008-12-23 19:00:00,Oklahoma City,Thunder,1610612760,Atlanta,Hawks,1610612737,0,0,88,99,22,1,3,91,34,0.374,12,5,0.417,21,15,0.714,33,19,52,18,12,-11,240.0,24,19,25,20,21,8,10,10,8,11,40,22,2,0,3,26,,Regular Season,,,,,13,0,,,,2008-12-23 19:00:00
20800409,2008-12-23 19:00:00,Atlanta,Hawks,1610612737,Oklahoma City,Thunder,1610612760,1,1,99,88,27,5,8,79,37,0.468,19,7,0.368,26,18,0.692,29,11,40,16,9,11,240.0,23,22,24,30,19,12,10,10,20,16,46,14,2,1,18,10,,Regular Season,,,,,8,0,,,,2008-12-23 19:00:00
20800402,2008-12-21 19:00:00,Oklahoma City,Thunder,1610612760,Cleveland,Cavaliers,1610612739,1,0,91,102,21,1,5,79,35,0.443,15,7,0.467,19,14,0.737,27,14,41,15,16,-11,240.0,25,22,25,19,13,3,6,12,13,15,30,13,7,1,3,25,,Regular Season,,,,,7,0,,,,2008-12-21 19:00:00
20800402,2008-12-21 19:00:00,Cleveland,Cavaliers,1610612739,Oklahoma City,Thunder,1610612760,0,1,102,91,21,3,11,76,42,0.553,17,9,0.529,15,9,0.6,25,7,32,16,12,11,240.0,27,25,30,20,23,18,6,12,20,20,42,11,7,1,23,4,,Regular Season,,,,,9,1,,,,2008-12-21 19:00:00
20800386,2008-12-19 20:00:00,Oklahoma City,Thunder,1610612760,Toronto,Raptors,1610612761,1,1,91,83,20,5,6,81,36,0.444,13,3,0.231,27,16,0.593,39,15,54,19,18,8,240.0,26,20,22,23,18,13,12,2,20,12,40,15,2,1,3,24,,Regular Season,,,,,12,0,,,,2008-12-19 20:00:00
20800386,2008-12-19 20:00:00,Toronto,Raptors,1610612761,Oklahoma City,Thunder,1610612760,0,0,83,91,19,3,8,88,32,0.364,17,2,0.118,23,17,0.739,33,15,48,25,11,-8,240.0,17,19,23,24,33,3,6,2,7,16,32,15,2,0,10,16,,Regular Season,,,,,4,0,,,,2008-12-19 20:00:00
20800362,2008-12-16 20:00:00,Oklahoma City,Thunder,1610612760,Los Angeles,Clippers,1610612746,1,0,88,98,25,6,10,79,36,0.456,9,2,0.222,24,14,0.583,31,14,45,17,21,-10,240.0,16,32,17,23,38,2,9,6,17,15,46,8,4,1,2,24,,Regular Season,,,,,7,1,,,,2008-12-16 20:00:00
20800362,2008-12-16 20:00:00,Los Angeles,Clippers,1610612746,Oklahoma City,Thunder,1610612760,0,1,98,88,19,1,10,85,39,0.459,19,6,0.316,18,14,0.778,31,12,43,20,15,10,240.0,28,22,20,28,10,14,13,6,15,29,44,14,4,1,7,17,,Regular Season,,,,,8,0,,,,2008-12-16 20:00:00
20800349,2008-12-14 19:00:00,Oklahoma City,Thunder,1610612760,San Antonio,Spurs,1610612759,0,0,104,109,19,6,5,85,44,0.518,17,6,0.353,12,10,0.833,29,8,37,22,11,-5,240.0,19,25,25,35,34,3,10,2,10,6,54,13,1,0,2,23,,Regular Season,,,,,6,1,,,,2008-12-14 19:00:00
20800349,2008-12-14 19:00:00,San Antonio,Spurs,1610612759,Oklahoma City,Thunder,1610612760,1,1,109,104,28,3,3,80,41,0.513,23,9,0.391,25,18,0.72,30,7,37,13,10,5,240.0,39,23,21,26,29,26,11,2,10,14,38,14,1,1,15,8,,Regular Season,,,,,9,0,,,,2008-12-14 19:00:00
20800341,2008-12-13 20:30:00,Oklahoma City,Thunder,1610612760,Dallas,Mavericks,1610612742,0,0,99,103,16,5,8,87,40,0.46,12,3,0.25,17,16,0.941,32,16,48,19,15,-4,240.0,28,26,26,19,25,9,8,11,12,15,42,18,7,1,2,22,,Regular Season,,,,,4,0,,,,2008-12-13 20:30:00
20800341,2008-12-13 20:30:00,Dallas,Mavericks,1610612742,Oklahoma City,Thunder,1610612760,1,1,103,99,24,6,4,81,41,0.506,20,7,0.35,20,14,0.7,29,9,38,16,12,4,240.0,23,27,29,24,39,6,10,11,15,16,34,2,7,0,13,9,,Regular Season,,,,,4,0,,,,2008-12-13 20:30:00
20800317,2008-12-10 20:00:00,Oklahoma City,Thunder,1610612760,Memphis,Grizzlies,1610612763,1,0,102,108,26,7,4,72,37,0.514,7,4,0.571,30,24,0.8,30,7,37,29,16,-6,240.0,29,26,28,19,34,21,13,9,17,9,36,8,4,0,2,21,,Regular Season,,,,,5,1,,,,2008-12-10 20:00:00
20800317,2008-12-10 20:00:00,Memphis,Grizzlies,1610612763,Oklahoma City,Thunder,1610612760,0,1,108,102,19,7,9,79,38,0.481,12,6,0.5,33,26,0.788,24,12,36,21,8,6,240.0,23,25,28,32,47,8,9,9,13,23,40,15,4,1,7,15,,Regular Season,,,,,11,0,,,,2008-12-10 20:00:00
20800303,2008-12-08 20:00:00,Golden State,Warriors,1610612744,Oklahoma City,Thunder,1610612760,0,1,112,102,17,7,13,81,41,0.506,13,4,0.308,33,26,0.788,36,11,47,19,23,10,240.0,29,32,25,26,32,21,8,0,17,24,48,12,0,0,6,15,,Regular Season,,,,,8,1,,,,2008-12-08 20:00:00
20800303,2008-12-08 20:00:00,Oklahoma City,Thunder,1610612760,Golden State,Warriors,1610612744,1,0,102,112,26,8,7,96,41,0.427,23,8,0.348,20,12,0.6,31,17,48,26,22,-10,240.0,23,19,26,34,26,0,9,0,16,26,52,15,0,0,2,20,,Regular Season,,,,,7,1,,,,2008-12-08 20:00:00
20800288,2008-12-06 19:30:00,Miami,Heat,1610612748,Oklahoma City,Thunder,1610612760,1,1,105,99,23,8,6,85,41,0.482,12,5,0.417,28,18,0.643,37,13,50,19,14,6,240.0,36,23,26,20,16,15,7,3,9,17,52,11,4,1,11,9,,Regular Season,,,,,9,0,,,,2008-12-06 19:30:00
20800288,2008-12-06 19:30:00,Oklahoma City,Thunder,1610612760,Miami,Heat,1610612748,0,0,99,105,20,4,7,81,35,0.432,13,5,0.385,30,24,0.8,31,8,39,22,14,-6,240.0,27,27,16,29,26,2,10,3,16,21,44,12,4,0,2,19,,Regular Season,,,,,8,0,,,,2008-12-06 19:30:00
20800276,2008-12-05 19:00:00,Oklahoma City,Thunder,1610612760,Orlando,Magic,1610612753,0,0,89,98,20,4,9,83,36,0.434,9,3,0.333,21,14,0.667,32,14,46,20,17,-9,240.0,18,21,27,23,30,2,8,4,19,14,54,20,7,1,2,18,,Regular Season,,,,,8,1,,,,2008-12-05 19:00:00
20800276,2008-12-05 19:00:00,Orlando,Magic,1610612753,Oklahoma City,Thunder,1610612760,1,1,98,89,21,8,8,84,38,0.452,27,13,0.481,16,9,0.563,32,13,45,19,17,9,240.0,23,22,25,28,30,12,6,4,17,19,36,21,7,1,15,5,,Regular Season,,,,,8,1,,,,2008-12-05 19:00:00
20800264,2008-12-03 19:00:00,Charlotte,Bobcats,1610612766,Oklahoma City,Thunder,1610612760,1,1,103,97,21,1,9,76,36,0.474,13,4,0.308,33,27,0.818,24,11,35,25,13,6,240.0,24,25,29,25,21,9,8,9,16,24,50,22,7,1,7,11,,Regular Season,,,,,9,0,,,,2008-12-03 19:00:00
20800264,2008-12-03 19:00:00,Oklahoma City,Thunder,1610612760,Charlotte,Bobcats,1610612766,0,0,97,103,24,8,6,66,36,0.545,11,7,0.636,28,18,0.643,23,5,28,26,19,-6,240.0,21,24,27,25,25,6,9,9,6,10,38,6,7,0,2,17,,Regular Season,,,,,14,1,,,,2008-12-03 19:00:00
20800240,2008-11-29 20:00:00,Oklahoma City,Thunder,1610612760,Memphis,Grizzlies,1610612763,0,1,111,103,19,5,8,73,38,0.521,11,3,0.273,38,32,0.842,20,10,30,19,11,8,240.0,22,21,33,35,30,9,10,5,12,17,52,8,10,1,2,16,,Regular Season,,,,,6,0,,,,2008-11-29 20:00:00
20800240,2008-11-29 20:00:00,Memphis,Grizzlies,1610612763,Oklahoma City,Thunder,1610612760,1,0,103,111,18,2,6,71,41,0.577,11,5,0.455,24,16,0.667,27,9,36,26,18,-8,240.0,28,26,26,23,29,14,8,5,13,11,48,12,10,0,4,13,,Regular Season,,,,,7,0,,,,2008-11-29 20:00:00
20800230,2008-11-28 20:00:00,Oklahoma City,Thunder,1610612760,Minnesota,Timberwolves,1610612750,1,0,103,105,23,2,6,78,39,0.5,16,7,0.438,27,18,0.667,26,7,33,26,10,-2,240.0,18,30,22,33,49,6,7,11,11,19,40,7,15,0,1,16,,Regular Season,,,,,12,0,,,,2008-11-28 20:00:00
20800230,2008-11-28 20:00:00,Minnesota,Timberwolves,1610612750,Oklahoma City,Thunder,1610612760,0,1,105,103,22,4,1,79,37,0.468,14,8,0.571,30,23,0.767,30,13,43,25,15,2,240.0,16,28,35,26,53,9,6,11,10,8,44,18,15,0,4,10,,Regular Season,,,,,9,0,,,,2008-11-28 20:00:00
20800211,2008-11-26 19:00:00,Cleveland,Cavaliers,1610612739,Oklahoma City,Thunder,1610612760,1,1,117,82,27,10,3,74,45,0.608,13,5,0.385,32,22,0.688,38,8,46,19,15,35,240.0,33,33,26,25,68,42,13,0,12,14,50,8,0,1,12,3,,Regular Season,,,,,14,1,,,,2008-11-26 19:00:00
20800211,2008-11-26 19:00:00,Oklahoma City,Thunder,1610612760,Cleveland,Cavaliers,1610612739,0,0,82,117,17,6,11,82,29,0.354,9,2,0.222,31,22,0.71,19,9,28,22,12,-35,240.0,14,18,20,30,47,0,10,0,17,21,38,13,0,1,1,15,,Regular Season,,,,,13,2,,,,2008-11-26 19:00:00
20800207,2008-11-25 20:00:00,Oklahoma City,Thunder,1610612760,Phoenix,Suns,1610612756,1,0,98,99,28,3,13,86,36,0.419,10,5,0.5,24,21,0.875,25,15,40,14,14,-1,240.0,25,29,27,17,37,16,12,10,17,23,44,10,2,0,1,14,,Regular Season,,,,,9,1,,,,2008-11-25 20:00:00
20800207,2008-11-25 20:00:00,Phoenix,Suns,1610612756,Oklahoma City,Thunder,1610612760,0,1,99,98,21,6,6,73,39,0.534,21,9,0.429,16,12,0.75,28,6,34,22,17,1,240.0,26,15,29,29,24,5,11,10,15,19,36,6,2,1,10,5,,Regular Season,,,,,8,0,,,,2008-11-25 20:00:00
20800191,2008-11-22 20:00:00,Oklahoma City,Thunder,1610612760,New Orleans,Hornets,1610612740,0,0,97,109,21,1,7,72,38,0.528,12,5,0.417,23,16,0.696,22,7,29,19,12,-12,240.0,30,18,24,25,29,7,6,11,9,16,34,10,9,1,1,13,,Regular Season,,,,,7,0,,,,2008-11-22 20:00:00
20800191,2008-11-22 20:00:00,New Orleans,Hornets,1610612740,Oklahoma City,Thunder,1610612760,1,1,109,97,24,4,9,74,40,0.541,17,6,0.353,24,23,0.958,27,8,35,18,12,12,240.0,28,25,29,27,17,12,13,11,8,14,48,13,9,1,7,5,,Regular Season,,,,,5,0,,,,2008-11-22 20:00:00
20800180,2008-11-21 21:30:00,Oklahoma City,Thunder,1610612760,New Orleans,Hornets,1610612740,1,0,80,105,14,1,6,71,26,0.366,7,3,0.429,29,25,0.862,39,9,48,22,26,-25,240.0,17,22,18,23,38,0,6,0,14,12,32,12,0,1,1,12,,Regular Season,,,,,7,1,,,,2008-11-21 21:30:00
20800180,2008-11-21 21:30:00,New Orleans,Hornets,1610612740,Oklahoma City,Thunder,1610612760,0,1,105,80,21,6,14,81,40,0.494,17,8,0.471,22,17,0.773,32,3,35,26,14,25,240.0,26,34,23,22,48,32,11,0,17,32,50,7,0,1,6,5,,Regular Season,,,,,5,0,,,,2008-11-21 21:30:00
20800165,2008-11-19 20:00:00,Oklahoma City,Thunder,1610612760,Los Angeles,Clippers,1610612746,1,0,88,108,16,5,6,75,30,0.4,10,5,0.5,23,23,1.0,33,9,42,19,21,-20,240.0,26,26,16,20,45,15,7,7,18,15,30,8,7,1,1,11,,Regular Season,,,,,5,1,,,,2008-11-19 20:00:00
20800165,2008-11-19 20:00:00,Los Angeles,Clippers,1610612746,Oklahoma City,Thunder,1610612760,0,1,108,88,24,9,14,97,46,0.474,16,5,0.313,13,11,0.846,30,14,44,19,11,20,240.0,20,29,32,27,12,25,12,7,23,28,58,22,7,1,2,9,,Regular Season,,,,,7,1,,,,2008-11-19 20:00:00
20800146,2008-11-17 20:00:00,Houston,Rockets,1610612745,Oklahoma City,Thunder,1610612760,0,1,100,89,18,4,8,83,42,0.506,8,1,0.125,16,15,0.938,34,14,48,20,17,11,240.0,32,24,25,19,20,19,8,14,12,16,62,15,18,1,7,4,,Regular Season,,,,,5,1,,,,2008-11-17 20:00:00
20800146,2008-11-17 20:00:00,Oklahoma City,Thunder,1610612760,Houston,Rockets,1610612745,1,0,89,100,16,4,10,84,34,0.405,8,3,0.375,27,18,0.667,25,14,39,18,13,-11,240.0,30,20,19,20,31,4,7,14,21,16,46,11,18,0,1,10,,Regular Season,,,,,9,1,,,,2008-11-17 20:00:00
20800134,2008-11-15 19:00:00,Oklahoma City,Thunder,1610612760,Philadelphia,76ers,1610612755,0,0,85,110,20,5,9,86,34,0.395,7,2,0.286,21,15,0.714,33,12,45,19,19,-25,240.0,22,20,18,25,45,3,7,5,14,12,38,14,8,1,1,9,,Regular Season,,,,,8,1,,,,2008-11-15 19:00:00
20800134,2008-11-15 19:00:00,Philadelphia,76ers,1610612755,Oklahoma City,Thunder,1610612760,1,1,110,85,31,6,9,96,45,0.469,14,6,0.429,23,14,0.609,39,19,58,13,14,25,240.0,24,22,33,31,38,27,10,5,25,26,52,21,8,1,5,5,,Regular Season,,,,,7,0,,,,2008-11-15 19:00:00
20800124,2008-11-14 19:30:00,Oklahoma City,Thunder,1610612760,New York,Knicks,1610612752,0,0,106,116,23,4,5,93,44,0.473,7,1,0.143,24,17,0.708,40,12,52,28,16,-10,240.0,20,24,33,29,40,4,7,1,13,14,66,13,3,1,1,8,,Regular Season,,,,,6,0,,,,2008-11-14 19:30:00
20800124,2008-11-14 19:30:00,New York,Knicks,1610612752,Oklahoma City,Thunder,1610612760,1,1,116,106,23,2,8,89,40,0.449,27,7,0.259,40,29,0.725,37,11,48,22,14,10,240.0,37,31,25,23,34,30,16,1,15,14,54,18,3,1,6,3,,Regular Season,,,,,10,0,,,,2008-11-14 19:30:00
20800113,2008-11-12 20:00:00,Orlando,Magic,1610612753,Oklahoma City,Thunder,1610612760,0,1,109,92,17,16,8,91,41,0.451,22,7,0.318,27,20,0.741,41,9,50,21,8,17,240.0,39,32,16,22,17,32,9,0,14,14,46,14,0,1,5,3,,Regular Season,,,,,6,0,,,,2008-11-12 20:00:00
20800113,2008-11-12 20:00:00,Oklahoma City,Thunder,1610612760,Orlando,Magic,1610612753,1,0,92,109,14,4,2,91,34,0.374,11,3,0.273,27,21,0.778,40,10,50,21,13,-17,240.0,19,23,29,21,29,0,8,0,16,7,38,10,0,1,1,7,,Regular Season,,,,,14,0,,,,2008-11-12 20:00:00
20800093,2008-11-10 19:00:00,Oklahoma City,Thunder,1610612760,Indiana,Pacers,1610612754,0,0,99,107,19,5,5,93,36,0.387,11,5,0.455,26,22,0.846,32,19,51,24,18,-8,240.0,34,17,27,21,29,15,8,12,11,9,32,22,9,1,1,6,,Regular Season,,,,,9,1,,,,2008-11-10 19:00:00
20800093,2008-11-10 19:00:00,Indiana,Pacers,1610612754,Oklahoma City,Thunder,1610612760,1,1,107,99,21,10,10,85,41,0.482,14,4,0.286,29,21,0.724,33,8,41,22,11,8,240.0,24,24,30,29,34,8,13,12,10,19,44,13,9,1,3,3,,Regular Season,,,,,12,0,,,,2008-11-10 19:00:00
20800089,2008-11-09 19:00:00,Oklahoma City,Thunder,1610612760,Atlanta,Hawks,1610612737,1,0,85,89,16,2,5,87,34,0.391,8,2,0.25,20,15,0.75,34,14,48,23,17,-4,240.0,14,27,21,23,42,7,7,6,9,8,46,21,11,0,1,5,,Regular Season,,,,,9,0,,,,2008-11-09 19:00:00
20800089,2008-11-09 19:00:00,Atlanta,Hawks,1610612737,Oklahoma City,Thunder,1610612760,0,1,89,85,13,9,10,78,29,0.372,17,7,0.412,33,24,0.727,32,12,44,21,13,4,240.0,22,16,20,31,23,11,8,6,23,19,34,8,11,0,5,0,,Regular Season,,,,,15,0,,,,2008-11-09 19:00:00
20800074,2008-11-07 21:00:00,Utah,Jazz,1610612762,Oklahoma City,Thunder,1610612760,1,1,104,97,31,6,7,72,36,0.5,13,6,0.462,36,26,0.722,34,11,45,20,19,7,240.0,29,29,20,26,42,31,21,1,17,14,46,7,0,1,5,0,,Regular Season,,,,,8,0,,,,2008-11-07 21:00:00
20800074,2008-11-07 21:00:00,Oklahoma City,Thunder,1610612760,Utah,Jazz,1610612762,0,0,97,104,15,5,10,81,35,0.432,8,5,0.625,30,22,0.733,26,10,36,29,14,-7,240.0,15,14,34,34,30,8,8,1,16,15,38,13,0,1,1,4,,Regular Season,,,,,11,0,,,,2008-11-07 21:00:00
20800059,2008-11-05 20:00:00,Boston,Celtics,1610612738,Oklahoma City,Thunder,1610612760,0,1,96,83,25,5,10,83,36,0.434,17,7,0.412,23,17,0.739,37,12,49,19,14,13,240.0,21,30,19,26,27,17,9,3,10,20,44,14,5,1,4,1,,Regular Season,,,,,11,2,,,,2008-11-05 20:00:00
20800059,2008-11-05 20:00:00,Oklahoma City,Thunder,1610612760,Boston,Celtics,1610612738,1,0,83,96,15,5,5,84,31,0.369,13,6,0.462,19,15,0.789,33,13,46,23,15,-13,240.0,29,15,11,28,35,8,6,3,11,8,32,11,5,1,1,3,,Regular Season,,,,,4,0,,,,2008-11-05 20:00:00
20800041,2008-11-02 19:00:00,Minnesota,Timberwolves,1610612750,Oklahoma City,Thunder,1610612760,0,0,85,88,20,4,5,77,33,0.429,12,3,0.25,16,16,1.0,29,9,38,19,14,-3,240.0,20,27,26,12,30,12,9,9,4,18,46,11,4,0,1,2,,Regular Season,,,,,5,0,,,,2008-11-02 19:00:00
20800041,2008-11-02 19:00:00,Oklahoma City,Thunder,1610612760,Minnesota,Timberwolves,1610612750,1,1,88,85,15,6,9,88,37,0.42,3,1,0.333,20,13,0.65,31,19,50,15,13,3,240.0,20,26,24,18,39,3,13,9,20,13,54,25,4,1,1,2,,Regular Season,,,,,9,0,,,,2008-11-02 19:00:00
20800035,2008-11-01 20:30:00,Houston,Rockets,1610612745,Oklahoma City,Thunder,1610612760,1,1,89,77,18,2,8,77,28,0.364,21,6,0.286,31,27,0.871,39,10,49,10,17,12,240.0,20,22,23,24,21,16,9,8,7,20,32,14,4,1,3,0,,Regular Season,,,,,8,1,,,,2008-11-01 20:30:00
20800035,2008-11-01 20:30:00,Oklahoma City,Thunder,1610612760,Houston,Rockets,1610612745,0,0,77,89,18,8,9,85,34,0.4,4,0,0.0,12,9,0.75,34,5,39,23,16,-12,240.0,17,24,18,18,18,1,8,8,21,18,48,12,4,1,0,2,,Regular Season,,,,,11,2,,,,2008-11-01 20:30:00
20800010,2008-10-29 20:00:00,Oklahoma City,Thunder,1610612760,Milwaukee,Bucks,1610612749,1,0,87,98,16,3,9,73,32,0.438,6,1,0.167,31,22,0.71,22,13,35,23,20,-11,240.0,14,21,24,28,49,0,7,0,17,20,44,21,2,1,0,1,,Regular Season,,,,,9,1,,,,2008-10-29 20:00:00
20800010,2008-10-29 20:00:00,Milwaukee,Bucks,1610612749,Oklahoma City,Thunder,1610612760,0,1,98,87,17,4,7,76,35,0.461,18,7,0.389,26,21,0.808,29,14,43,22,20,11,240.0,24,26,29,19,22,24,7,0,8,20,38,19,2,0,1,1,,Regular Season,,,,,9,1,,,,2008-10-29 20:00:00
10800110,2008-10-24 22:30:00,Los Angeles,Lakers,1610612747,Oklahoma City,Thunder,1610612760,1,1,105,94,28,5,8,78,43,0.551,16,5,0.313,20,14,0.7,40,6,46,30,23,11,240.0,,,,,,,,,,,,,,,,,,,,,,,,,,,,2008-10-24 22:30:00
10800110,2008-10-24 22:30:00,Oklahoma City,Thunder,1610612760,Los Angeles,Lakers,1610612747,0,0,94,105,19,3,11,79,30,0.38,14,2,0.143,38,32,0.842,30,12,42,22,19,-11,240.0,,,,,,,,,,,,,,,,,,,,,,,,,,,,2008-10-24 22:30:00
10800104,2008-10-23 22:00:00,Phoenix,Suns,1610612756,Oklahoma City,Thunder,1610612760,1,1,102,93,24,3,8,75,38,0.507,18,8,0.444,26,18,0.692,26,12,38,21,23,9,240.0,,,,,,,,,,,,,,,,,,,,,,,,,,,,2008-10-23 22:00:00
10800104,2008-10-23 22:00:00,Oklahoma City,Thunder,1610612760,Phoenix,Suns,1610612756,0,0,93,102,11,8,14,73,35,0.479,10,3,0.3,30,20,0.667,26,9,35,28,23,-9,240.0,,,,,,,,,,,,,,,,,,,,,,,,,,,,2008-10-23 22:00:00
10800038,2008-10-11 22:30:00,Golden State,Warriors,1610612744,Oklahoma City,Thunder,1610612760,1,1,122,102,27,5,14,99,48,0.485,18,7,0.389,24,19,0.792,38,15,53,30,19,20,240.0,,,,,,,,,,,,,,,,,,,,,,,,,,,,2008-10-11 22:30:00
10800038,2008-10-11 22:30:00,Oklahoma City,Thunder,1610612760,Golden State,Warriors,1610612744,0,0,102,122,18,4,13,83,32,0.386,16,5,0.313,45,32,0.711,31,16,47,24,23,-20,240.0,,,,,,,,,,,,,,,,,,,,,,,,,,,,2008-10-11 22:30:00
10800030,2008-10-10 22:00:00,Oklahoma City,Thunder,1610612760,Sacramento,Kings,1610612758,0,0,85,94,18,6,8,89,33,0.371,6,3,0.5,28,16,0.571,30,19,49,28,13,-9,240.0,,,,,,,,,,,,,,,,,,,,,,,,,,,,2008-10-10 22:00:00
10800030,2008-10-10 22:00:00,Sacramento,Kings,1610612758,Oklahoma City,Thunder,1610612760,1,1,94,85,16,5,6,73,32,0.438,15,6,0.4,34,24,0.706,34,9,43,17,15,9,240.0,,,,,,,,,,,,,,,,,,,,,,,,,,,,2008-10-10 22:00:00
10800015,2008-10-08 21:00:00,Minnesota,Timberwolves,1610612750,Oklahoma City,Thunder,1610612760,1,1,88,82,18,6,12,81,30,0.37,24,7,0.292,27,21,0.778,29,13,42,26,25,6,240.0,,,,,,,,,,,,,,,,,,,,,,,,,,,,2008-10-08 21:00:00
10800015,2008-10-08 21:00:00,Oklahoma City,Thunder,1610612760,Minnesota,Timberwolves,1610612750,0,0,82,88,16,1,9,72,30,0.417,5,1,0.2,29,21,0.724,33,10,43,24,25,-6,240.0,,,,,,,,,,,,,,,,,,,,,,,,,,,,2008-10-08 21:00:00
20701230,2008-04-16 22:30:00,Golden State,Warriors,1610612744,Seattle,SuperSonics,1610612760,1,0,121,126,24,6,6,110,47,0.427,45,15,0.333,16,12,0.75,29,21,50,16,12,-5,240.0,24,36,20,41,43,6,8,2,38,20,50,23,1,0,48,34,,Regular Season,,,,,4,0,,,,2008-04-16 22:30:00
20701230,2008-04-16 22:30:00,Seattle,SuperSonics,1610612760,Golden State,Warriors,1610612744,0,1,126,121,32,5,8,94,52,0.553,10,5,0.5,22,17,0.773,43,12,55,16,14,5,240.0,35,33,27,31,16,17,12,2,29,14,46,12,1,0,20,62,,Regular Season,,,,,5,1,,,,2008-04-16 22:30:00
20701202,2008-04-13 21:00:00,Seattle,SuperSonics,1610612760,Dallas,Mavericks,1610612742,1,1,99,95,20,6,6,88,36,0.409,6,0,0.0,34,27,0.794,34,12,46,18,6,4,240.0,19,31,31,18,19,9,10,9,30,8,48,13,11,0,19,62,,Regular Season,,,,,11,0,,,,2008-04-13 21:00:00
20701202,2008-04-13 21:00:00,Dallas,Mavericks,1610612742,Seattle,SuperSonics,1610612760,0,0,95,99,23,3,3,89,36,0.404,22,7,0.318,19,16,0.842,35,12,47,25,9,-4,240.0,25,26,27,17,17,14,6,9,8,2,24,12,11,0,50,31,,Regular Season,,,,,11,1,,,,2008-04-13 21:00:00
20701185,2008-04-11 20:30:00,San Antonio,Spurs,1610612759,Seattle,SuperSonics,1610612760,1,1,95,74,26,7,4,89,41,0.461,19,4,0.211,15,9,0.6,46,7,53,10,13,21,240.0,13,32,27,23,35,24,12,12,8,21,44,6,7,0,54,25,,Regular Season,,,,,8,2,,,,2008-04-11 20:30:00
20701185,2008-04-11 20:30:00,Seattle,SuperSonics,1610612760,San Antonio,Spurs,1610612759,0,0,74,95,13,4,8,83,32,0.386,2,1,0.5,14,9,0.643,40,6,46,19,15,-21,240.0,20,17,20,17,17,9,10,12,24,10,34,4,7,0,18,62,,Regular Season,,,,,3,2,,,,2008-04-11 20:30:00
20701171,2008-04-09 20:30:00,Houston,Rockets,1610612745,Seattle,SuperSonics,1610612760,1,1,103,80,27,9,4,74,39,0.527,27,12,0.444,17,13,0.765,39,8,47,18,17,23,240.0,21,25,29,28,48,23,14,2,8,11,46,10,5,0,53,25,,Regular Season,,,,,9,0,,,,2008-04-09 20:30:00
20701171,2008-04-09 20:30:00,Seattle,SuperSonics,1610612760,Houston,Rockets,1610612745,0,0,80,103,17,3,12,88,32,0.364,8,2,0.25,19,14,0.737,25,10,35,12,9,-23,240.0,26,11,22,21,20,5,13,2,22,22,40,10,5,0,18,61,,Regular Season,,,,,9,1,,,,2008-04-09 20:30:00
20701160,2008-04-08 20:30:00,Seattle,SuperSonics,1610612760,Dallas,Mavericks,1610612742,0,0,83,99,18,2,5,84,32,0.381,7,1,0.143,22,18,0.818,33,10,43,19,8,-16,240.0,21,23,19,20,13,4,6,8,15,6,30,20,1,0,18,60,,Regular Season,,,,,7,1,,,,2008-04-08 20:30:00
20701160,2008-04-08 20:30:00,Dallas,Mavericks,1610612742,Seattle,SuperSonics,1610612760,1,1,99,83,27,4,2,77,39,0.506,16,7,0.438,17,14,0.824,39,4,43,19,7,16,240.0,23,23,24,29,33,20,11,8,19,13,46,9,1,0,49,29,,Regular Season,,,,,4,0,,,,2008-04-08 20:30:00
20701151,2008-04-06 21:00:00,Seattle,SuperSonics,1610612760,Denver,Nuggets,1610612743,1,1,151,147,35,2,6,116,61,0.526,11,4,0.364,28,25,0.893,40,12,52,27,15,4,290.0,31,39,29,27,38,11,7,19,21,16,62,20,23,0,18,59,,Regular Season,,,,,12,0,9,16,25,2008-04-06 21:00:00
20701151,2008-04-06 21:00:00,Denver,Nuggets,1610612743,Seattle,SuperSonics,1610612760,0,0,147,151,33,8,9,107,54,0.505,30,12,0.4,39,27,0.692,36,8,44,26,14,-4,290.0,36,28,31,31,38,7,9,19,21,22,60,13,23,0,46,31,,Regular Season,,,,,15,0,9,12,21,2008-04-06 21:00:00
20701136,2008-04-04 22:30:00,Seattle,SuperSonics,1610612760,Houston,Rockets,1610612745,1,0,66,79,13,3,8,83,25,0.301,6,1,0.167,17,15,0.882,31,21,52,18,18,-13,240.0,17,24,13,12,26,3,7,6,11,10,26,25,4,0,17,59,,Regular Season,,,,,8,0,,,,2008-04-04 22:30:00
20701136,2008-04-04 22:30:00,Houston,Rockets,1610612745,Seattle,SuperSonics,1610612760,0,1,79,66,18,4,7,78,31,0.397,23,8,0.348,15,9,0.6,30,12,42,18,13,13,240.0,22,18,29,10,18,17,11,6,6,17,24,9,4,0,51,25,,Regular Season,,,,,11,1,,,,2008-04-04 22:30:00
20701121,2008-04-02 22:00:00,Los Angeles,Clippers,1610612746,Seattle,SuperSonics,1610612760,0,1,102,84,21,5,10,84,40,0.476,11,5,0.455,19,17,0.895,38,11,49,18,17,18,240.0,27,21,21,33,42,18,8,12,14,15,36,14,4,0,23,52,,Regular Season,,,,,5,0,,,,2008-04-02 22:00:00
20701121,2008-04-02 22:00:00,Seattle,SuperSonics,1610612760,Los Angeles,Clippers,1610612746,1,0,84,102,17,3,5,93,35,0.376,11,1,0.091,20,13,0.65,33,17,50,19,15,-18,240.0,22,28,20,14,8,4,9,12,15,12,42,13,4,0,17,58,,Regular Season,,,,,7,1,,,,2008-04-02 22:00:00
20701097,2008-03-30 21:00:00,Seattle,SuperSonics,1610612760,Sacramento,Kings,1610612758,1,0,107,120,24,4,6,92,44,0.478,17,8,0.471,15,11,0.733,20,11,31,25,14,-13,240.0,39,26,18,24,25,9,9,9,4,17,30,13,11,0,17,57,,Regular Season,,,,,11,1,,,,2008-03-30 21:00:00
20701097,2008-03-30 21:00:00,Sacramento,Kings,1610612758,Seattle,SuperSonics,1610612760,0,1,120,107,24,4,11,78,43,0.551,17,6,0.353,32,28,0.875,32,10,42,18,16,13,240.0,34,28,32,26,31,19,11,9,16,20,56,13,11,0,33,40,,Regular Season,,,,,7,2,,,,2008-03-30 21:00:00
20701083,2008-03-28 22:30:00,Charlotte,Bobcats,1610612766,Seattle,SuperSonics,1610612760,0,1,96,93,20,3,11,78,34,0.436,19,10,0.526,23,18,0.783,27,6,33,16,10,3,240.0,38,17,17,24,11,16,7,12,15,10,38,9,6,0,27,45,,Regular Season,,,,,13,1,,,,2008-03-28 22:30:00
20701083,2008-03-28 22:30:00,Seattle,SuperSonics,1610612760,Charlotte,Bobcats,1610612766,1,0,93,96,17,6,6,82,38,0.463,15,4,0.267,16,13,0.813,33,6,39,21,13,-3,240.0,27,26,23,17,31,4,12,12,16,8,36,12,6,0,17,56,,Regular Season,,,,,11,0,,,,2008-03-28 22:30:00
20701068,2008-03-26 22:00:00,Washington,Wizards,1610612764,Seattle,SuperSonics,1610612760,0,1,104,99,22,6,11,82,38,0.463,28,10,0.357,20,18,0.9,24,8,32,21,9,5,240.0,29,21,18,36,35,10,10,6,4,20,42,8,7,0,37,34,,Regular Season,,,,,7,0,,,,2008-03-26 22:00:00
20701068,2008-03-26 22:00:00,Seattle,SuperSonics,1610612760,Washington,Wizards,1610612764,1,0,99,104,18,2,6,85,39,0.459,9,1,0.111,24,20,0.833,33,16,49,16,13,-5,240.0,23,33,19,24,25,17,10,6,15,16,50,20,7,0,17,55,,Regular Season,,,,,8,0,,,,2008-03-26 22:00:00
20701050,2008-03-24 22:00:00,Portland,Trail Blazers,1610612757,Seattle,SuperSonics,1610612760,0,0,84,97,21,6,4,86,33,0.384,17,7,0.412,14,11,0.786,27,8,35,21,12,-13,240.0,25,28,10,21,29,8,10,2,3,8,30,10,3,0,37,34,,Regular Season,,,,,15,1,,,,2008-03-24 22:00:00
20701050,2008-03-24 22:00:00,Seattle,SuperSonics,1610612760,Portland,Trail Blazers,1610612757,1,1,97,84,21,4,5,74,37,0.5,12,6,0.5,24,17,0.708,34,7,41,15,10,13,240.0,21,28,22,26,20,14,8,2,9,6,34,7,3,0,17,54,,Regular Season,,,,,9,0,,,,2008-03-24 22:00:00
20701037,2008-03-22 21:00:00,Utah,Jazz,1610612762,Seattle,SuperSonics,1610612760,1,1,115,101,26,4,7,86,41,0.477,23,6,0.261,38,27,0.711,30,16,46,24,10,14,240.0,23,29,33,30,29,16,8,4,6,24,58,10,10,0,46,25,,Regular Season,,,,,8,0,,,,2008-03-22 21:00:00
20701037,2008-03-22 21:00:00,Seattle,SuperSonics,1610612760,Utah,Jazz,1610612762,0,0,101,115,14,5,2,79,38,0.481,12,4,0.333,25,21,0.84,30,8,38,25,17,-14,240.0,34,27,20,20,26,12,11,4,12,8,46,11,10,0,16,54,,Regular Season,,,,,9,1,,,,2008-03-22 21:00:00
20701027,2008-03-21 22:30:00,Los Angeles,Lakers,1610612747,Seattle,SuperSonics,1610612760,1,1,130,105,36,0,8,84,51,0.607,23,12,0.522,19,16,0.842,30,9,39,18,11,25,240.0,34,28,31,37,56,27,10,0,8,24,60,14,0,0,48,21,,Regular Season,,,,,4,2,,,,2008-03-21 22:30:00
20701027,2008-03-21 22:30:00,Seattle,SuperSonics,1610612760,Los Angeles,Lakers,1610612747,0,0,105,130,20,0,5,90,42,0.467,13,5,0.385,21,16,0.762,22,19,41,12,16,-25,240.0,21,33,22,29,48,0,7,0,7,7,40,29,0,0,16,53,,Regular Season,,,,,5,0,,,,2008-03-21 22:30:00
20701014,2008-03-19 22:00:00,Seattle,SuperSonics,1610612760,Phoenix,Suns,1610612756,1,0,98,110,17,3,12,80,38,0.475,6,3,0.5,24,19,0.792,23,9,32,17,19,-12,240.0,23,32,23,20,34,1,10,2,22,32,44,8,2,0,16,52,,Regular Season,,,,,6,1,,,,2008-03-19 22:00:00
20701014,2008-03-19 22:00:00,Phoenix,Suns,1610612756,Seattle,SuperSonics,1610612760,0,1,110,98,26,2,11,75,43,0.573,21,15,0.714,18,9,0.5,33,10,43,19,27,12,240.0,34,30,20,26,25,14,12,2,22,14,46,6,2,0,46,22,,Regular Season,,,,,7,1,,,,2008-03-19 22:00:00
20700989,2008-03-16 21:00:00,Denver,Nuggets,1610612743,Seattle,SuperSonics,1610612760,1,1,168,116,44,10,12,101,61,0.604,31,16,0.516,35,30,0.857,43,8,51,19,14,52,240.0,48,36,43,41,74,55,9,0,49,27,64,20,0,0,40,26,,Regular Season,,,,,11,0,,,,2008-03-16 21:00:00
20700989,2008-03-16 21:00:00,Seattle,SuperSonics,1610612760,Denver,Nuggets,1610612743,0,0,116,168,28,8,12,107,46,0.43,10,2,0.2,32,22,0.688,27,18,45,24,16,-52,240.0,29,29,27,31,40,0,6,0,22,12,64,16,0,0,16,51,,Regular Season,,,,,9,0,,,,2008-03-16 21:00:00
20700975,2008-03-14 22:30:00,Seattle,SuperSonics,1610612760,Minnesota,Timberwolves,1610612750,1,0,116,121,24,5,5,88,46,0.523,9,5,0.556,24,19,0.792,22,13,35,23,17,-5,240.0,30,30,28,28,34,9,9,9,20,27,44,6,13,0,16,50,,Regular Season,,,,,5,1,,,,2008-03-14 22:30:00
20700975,2008-03-14 22:30:00,Minnesota,Timberwolves,1610612750,Seattle,SuperSonics,1610612760,0,1,121,116,20,4,12,85,43,0.506,10,5,0.5,37,30,0.811,28,15,43,21,17,5,240.0,32,25,40,24,41,13,8,9,16,29,64,17,13,0,15,49,,Regular Season,,,,,13,1,,,,2008-03-14 22:30:00
20700954,2008-03-12 19:30:00,Seattle,SuperSonics,1610612760,Boston,Celtics,1610612738,0,0,82,111,19,9,3,92,35,0.38,14,1,0.071,15,11,0.733,30,17,47,23,22,-29,240.0,24,20,16,22,30,4,7,7,9,13,40,14,1,0,16,49,,Regular Season,,,,,12,3,,,,2008-03-12 19:30:00
20700954,2008-03-12 19:30:00,Boston,Celtics,1610612738,Seattle,SuperSonics,1610612760,1,1,111,82,31,7,7,89,45,0.506,11,5,0.455,24,16,0.667,36,10,46,17,11,29,240.0,34,30,28,19,50,37,10,7,13,22,42,10,1,0,51,12,,Regular Season,,,,,8,1,,,,2008-03-12 19:30:00
20700947,2008-03-11 19:00:00,Seattle,SuperSonics,1610612760,Indiana,Pacers,1610612754,0,0,107,114,21,1,6,83,42,0.506,8,5,0.625,23,18,0.783,31,5,36,23,16,-7,240.0,24,31,27,25,34,5,8,8,28,17,34,10,7,0,16,48,,Regular Season,,,,,8,2,,,,2008-03-11 19:00:00
20700947,2008-03-11 19:00:00,Indiana,Pacers,1610612754,Seattle,SuperSonics,1610612760,1,1,114,107,21,8,7,92,42,0.457,24,7,0.292,28,23,0.821,31,13,44,21,13,7,240.0,31,25,30,28,20,12,9,8,8,13,42,22,7,0,25,39,,Regular Season,,,,,13,1,,,,2008-03-11 19:00:00
20700934,2008-03-09 13:00:00,Seattle,SuperSonics,1610612760,Toronto,Raptors,1610612761,0,0,106,114,28,2,8,74,40,0.541,9,2,0.222,27,24,0.889,32,6,38,18,22,-8,240.0,31,27,21,27,33,12,10,8,21,17,42,6,7,0,16,47,,Regular Season,,,,,8,1,,,,2008-03-09 13:00:00
20700934,2008-03-09 13:00:00,Toronto,Raptors,1610612761,Seattle,SuperSonics,1610612760,1,1,114,106,26,2,10,92,45,0.489,19,6,0.316,20,18,0.9,25,11,36,20,11,8,240.0,24,30,35,25,43,15,8,8,7,30,50,13,7,0,34,28,,Regular Season,,,,,4,1,,,,2008-03-09 13:00:00
20700913,2008-03-07 19:00:00,Philadelphia,76ers,1610612755,Seattle,SuperSonics,1610612760,1,1,117,83,29,2,12,89,50,0.562,8,4,0.5,20,13,0.65,33,10,43,14,12,34,240.0,33,28,27,29,47,39,8,2,25,32,62,13,3,0,29,33,,Regular Season,,,,,8,0,,,,2008-03-07 19:00:00
20700913,2008-03-07 19:00:00,Seattle,SuperSonics,1610612760,Philadelphia,76ers,1610612755,0,0,83,117,22,5,5,75,36,0.48,10,2,0.2,14,9,0.643,29,6,35,16,21,-34,240.0,22,30,14,17,25,2,6,2,13,13,38,4,3,0,16,46,,Regular Season,,,,,4,0,,,,2008-03-07 19:00:00
20700902,2008-03-05 20:00:00,Seattle,SuperSonics,1610612760,Milwaukee,Bucks,1610612749,0,0,106,118,19,5,8,86,40,0.465,8,3,0.375,31,23,0.742,38,7,45,25,14,-12,240.0,24,30,29,23,38,3,8,4,30,11,54,11,4,0,16,45,,Regular Season,,,,,12,0,,,,2008-03-05 20:00:00
20700902,2008-03-05 20:00:00,Milwaukee,Bucks,1610612749,Seattle,SuperSonics,1610612760,1,1,118,106,36,6,8,93,45,0.484,20,8,0.4,31,20,0.645,34,11,45,21,12,12,240.0,39,30,29,20,25,23,14,4,22,21,54,18,4,0,23,38,,Regular Season,,,,,11,0,,,,2008-03-05 20:00:00
20700891,2008-03-04 19:30:00,Seattle,SuperSonics,1610612760,Detroit,Pistons,1610612765,0,0,97,100,18,3,5,81,37,0.457,11,3,0.273,25,20,0.8,35,12,47,26,20,-3,240.0,41,13,24,19,11,15,6,5,11,14,30,15,2,0,16,44,,Regular Season,,,,,10,2,,,,2008-03-04 19:30:00
20700891,2008-03-04 19:30:00,Detroit,Pistons,1610612765,Seattle,SuperSonics,1610612760,1,1,100,97,23,10,10,79,30,0.38,19,9,0.474,37,31,0.838,24,16,40,23,12,3,240.0,28,25,24,23,27,10,9,5,4,8,24,14,2,0,44,16,,Regular Season,,,,,7,0,,,,2008-03-04 19:30:00
20700882,2008-03-02 18:30:00,Minnesota,Timberwolves,1610612750,Seattle,SuperSonics,1610612760,1,0,108,111,29,2,14,93,46,0.495,9,3,0.333,22,13,0.591,23,15,38,18,15,-3,265.0,26,25,25,26,43,5,9,5,16,26,64,16,6,0,12,46,,Regular Season,,,,,11,0,6,,6,2008-03-02 18:30:00
20700882,2008-03-02 18:30:00,Seattle,SuperSonics,1610612760,Minnesota,Timberwolves,1610612750,0,1,111,108,28,6,8,80,44,0.55,7,4,0.571,22,19,0.864,31,10,41,15,22,3,265.0,34,24,17,27,40,15,7,5,19,15,42,13,6,0,16,43,,Regular Season,,,,,5,2,9,,9,2008-03-02 18:30:00
20700869,2008-02-29 22:30:00,Seattle,SuperSonics,1610612760,Miami,Heat,1610612748,1,0,93,103,23,7,4,76,34,0.447,7,2,0.286,28,23,0.821,37,8,45,16,17,-10,240.0,26,21,29,17,28,10,7,6,23,7,52,16,7,0,15,43,,Regular Season,,,,,8,0,,,,2008-02-29 22:30:00
20700869,2008-02-29 22:30:00,Miami,Heat,1610612748,Seattle,SuperSonics,1610612760,0,1,103,93,22,6,9,95,42,0.442,13,5,0.385,19,14,0.737,26,17,43,24,9,10,240.0,25,19,33,26,35,10,10,6,4,18,46,18,7,0,11,46,,Regular Season,,,,,9,0,,,,2008-02-29 22:30:00
20700853,2008-02-27 22:00:00,Seattle,SuperSonics,1610612760,Denver,Nuggets,1610612743,1,0,96,138,15,1,10,102,37,0.363,11,3,0.273,22,19,0.864,23,19,42,15,16,-42,240.0,19,26,30,21,39,2,6,2,4,19,42,15,2,0,15,42,,Regular Season,,,,,8,0,,,,2008-02-27 22:00:00
20700853,2008-02-27 22:00:00,Denver,Nuggets,1610612743,Seattle,SuperSonics,1610612760,0,1,138,96,35,7,13,88,59,0.67,17,9,0.529,16,11,0.688,42,7,49,16,17,42,240.0,31,33,36,38,44,42,10,2,38,22,72,8,2,0,34,23,,Regular Season,,,,,3,0,,,,2008-02-27 22:00:00
20700844,2008-02-26 22:30:00,Golden State,Warriors,1610612744,Seattle,SuperSonics,1610612760,1,1,105,99,24,5,14,102,45,0.441,21,6,0.286,11,9,0.818,25,17,42,16,12,6,240.0,27,26,27,25,31,16,13,5,36,32,68,18,5,0,34,22,,Regular Season,,,,,6,0,,,,2008-02-26 22:30:00
20700844,2008-02-26 22:30:00,Seattle,SuperSonics,1610612760,Golden State,Warriors,1610612744,0,0,99,105,30,8,7,89,45,0.506,4,0,0.0,13,9,0.692,37,15,52,18,25,-6,240.0,32,25,17,25,25,13,12,5,31,16,70,17,5,0,15,41,,Regular Season,,,,,7,1,,,,2008-02-26 22:30:00
20700830,2008-02-24 21:00:00,Los Angeles,Lakers,1610612747,Seattle,SuperSonics,1610612760,0,1,111,91,28,7,8,92,45,0.489,21,11,0.524,16,10,0.625,32,11,43,13,13,20,240.0,34,28,31,18,28,31,13,0,10,20,46,16,0,0,39,17,,Regular Season,,,,,10,2,,,,2008-02-24 21:00:00
20700830,2008-02-24 21:00:00,Seattle,SuperSonics,1610612760,Los Angeles,Lakers,1610612747,1,0,91,111,19,7,6,95,38,0.4,8,2,0.25,19,13,0.684,34,16,50,15,17,-20,240.0,18,25,27,21,34,0,7,0,10,10,38,18,0,0,15,40,,Regular Season,,,,,13,2,,,,2008-02-24 21:00:00
20700815,2008-02-22 22:30:00,Seattle,SuperSonics,1610612760,Portland,Trail Blazers,1610612757,1,1,99,87,13,3,5,78,36,0.462,8,5,0.625,28,22,0.786,29,15,44,25,16,12,240.0,29,23,19,28,41,19,8,0,11,11,40,15,0,0,15,39,,Regular Season,,,,,12,0,,,,2008-02-22 22:30:00
20700815,2008-02-22 22:30:00,Portland,Trail Blazers,1610612757,Seattle,SuperSonics,1610612760,0,0,87,99,17,4,8,78,29,0.372,18,4,0.222,30,25,0.833,27,14,41,22,13,-12,240.0,19,19,22,27,32,0,6,0,12,13,38,12,0,0,29,26,,Regular Season,,,,,5,1,,,,2008-02-22 22:30:00
20700802,2008-02-21 22:30:00,Seattle,SuperSonics,1610612760,Portland,Trail Blazers,1610612757,0,0,88,92,19,3,2,80,31,0.388,13,6,0.462,31,20,0.645,38,13,51,28,15,-4,240.0,25,16,26,21,30,4,6,6,19,8,40,11,10,0,14,39,,Regular Season,,,,,11,0,,,,2008-02-21 22:30:00
20700802,2008-02-21 22:30:00,Portland,Trail Blazers,1610612757,Seattle,SuperSonics,1610612760,1,1,92,88,20,11,10,76,29,0.382,19,7,0.368,39,27,0.692,39,10,49,20,11,4,240.0,23,28,19,22,29,14,7,6,9,12,20,16,10,0,29,25,,Regular Season,,,,,8,3,,,,2008-02-21 22:30:00
20700788,2008-02-19 22:00:00,Memphis,Grizzlies,1610612763,Seattle,SuperSonics,1610612760,0,0,101,108,22,7,11,98,41,0.418,19,6,0.316,18,13,0.722,32,13,45,20,13,-7,240.0,31,31,16,23,37,19,10,11,11,23,50,4,14,0,14,39,,Regular Season,,,,,9,1,,,,2008-02-19 22:00:00
20700788,2008-02-19 22:00:00,Seattle,SuperSonics,1610612760,Memphis,Grizzlies,1610612763,1,1,108,101,23,4,5,80,42,0.525,11,7,0.636,25,17,0.68,40,9,49,21,20,7,240.0,27,21,32,28,48,7,10,11,6,9,30,10,14,0,14,38,,Regular Season,,,,,5,0,,,,2008-02-19 22:00:00
20700776,2008-02-13 22:00:00,Utah,Jazz,1610612762,Seattle,SuperSonics,1610612760,0,1,112,93,28,3,14,80,41,0.513,11,2,0.182,36,28,0.778,27,14,41,20,17,19,240.0,27,22,32,31,29,21,10,0,12,24,54,12,4,0,34,19,,Regular Season,,,,,10,2,,,,2008-02-13 22:00:00
20700776,2008-02-13 22:00:00,Seattle,SuperSonics,1610612760,Utah,Jazz,1610612762,1,0,93,112,27,3,9,84,38,0.452,11,2,0.182,20,15,0.75,24,15,39,24,20,-19,240.0,24,23,26,20,38,0,8,0,20,14,50,17,4,0,13,38,,Regular Season,,,,,8,2,,,,2008-02-13 22:00:00
20700734,2008-02-08 21:00:00,Seattle,SuperSonics,1610612760,Phoenix,Suns,1610612756,0,0,99,103,19,8,3,97,41,0.423,10,3,0.3,19,14,0.737,36,18,54,22,14,-4,240.0,23,26,25,25,43,3,9,13,13,10,36,23,10,0,13,37,,Regular Season,,,,,8,0,,,,2008-02-08 21:00:00
20700734,2008-02-08 21:00:00,Phoenix,Suns,1610612756,Seattle,SuperSonics,1610612760,1,1,103,99,21,9,7,86,34,0.395,15,3,0.2,32,32,1.0,34,13,47,23,13,4,240.0,26,27,25,25,23,8,7,13,29,15,30,19,10,0,35,15,,Regular Season,,,,,4,0,,,,2008-02-08 21:00:00
20700721,2008-02-06 22:00:00,Seattle,SuperSonics,1610612760,Sacramento,Kings,1610612758,0,1,105,92,27,7,4,76,40,0.526,10,5,0.5,26,20,0.769,47,7,54,17,18,13,240.0,25,23,33,24,32,21,15,1,19,7,40,9,1,0,13,36,,Regular Season,,,,,6,0,,,,2008-02-06 22:00:00
20700721,2008-02-06 22:00:00,Sacramento,Kings,1610612758,Seattle,SuperSonics,1610612760,1,0,92,105,14,2,10,98,36,0.367,22,7,0.318,20,13,0.65,28,14,42,16,11,-13,240.0,29,20,24,19,36,12,8,1,9,20,46,13,1,0,22,25,,Regular Season,,,,,9,0,,,,2008-02-06 22:00:00
20700706,2008-02-04 22:00:00,Chicago,Bulls,1610612741,Seattle,SuperSonics,1610612760,0,1,118,108,25,3,8,96,44,0.458,14,7,0.5,35,23,0.657,27,23,50,19,13,10,240.0,27,29,27,35,47,15,8,2,15,16,52,26,0,0,19,28,,Regular Season,,,,,17,0,,,,2008-02-04 22:00:00
20700706,2008-02-04 22:00:00,Seattle,SuperSonics,1610612760,Chicago,Bulls,1610612741,1,0,108,118,25,8,7,80,39,0.488,16,7,0.438,26,23,0.885,24,11,35,30,14,-10,240.0,25,24,24,35,61,3,7,2,7,17,36,9,0,0,12,36,,Regular Season,,,,,6,0,,,,2008-02-04 22:00:00
20700695,2008-02-02 22:00:00,Seattle,SuperSonics,1610612760,New York,Knicks,1610612752,1,1,86,85,21,4,7,86,34,0.395,11,3,0.273,20,15,0.75,36,19,55,17,12,1,240.0,17,17,29,23,23,6,7,10,8,15,32,18,9,0,12,35,,Regular Season,,,,,8,0,,,,2008-02-02 22:00:00
20700695,2008-02-02 22:00:00,New York,Knicks,1610612752,Seattle,SuperSonics,1610612760,0,0,85,86,17,0,9,72,32,0.444,17,5,0.294,26,16,0.615,31,3,34,19,12,-1,240.0,15,23,23,24,12,7,7,10,7,13,34,6,9,0,14,33,,Regular Season,,,,,10,2,,,,2008-02-02 22:00:00
20700677,2008-01-31 22:00:00,Seattle,SuperSonics,1610612760,Cleveland,Cavaliers,1610612739,1,1,101,95,34,4,6,78,44,0.564,7,3,0.429,14,10,0.714,32,8,40,21,18,6,240.0,40,22,23,16,21,23,8,0,15,12,44,8,1,0,11,35,,Regular Season,,,,,9,1,,,,2008-01-31 22:00:00
20700677,2008-01-31 22:00:00,Cleveland,Cavaliers,1610612739,Seattle,SuperSonics,1610612760,0,0,95,101,18,6,9,78,30,0.385,27,12,0.444,27,23,0.852,19,14,33,20,13,-6,240.0,24,18,26,27,36,0,8,0,6,21,20,19,1,0,25,20,,Regular Season,,,,,8,0,,,,2008-01-31 22:00:00
20700663,2008-01-29 22:00:00,San Antonio,Spurs,1610612759,Seattle,SuperSonics,1610612760,0,0,85,88,19,2,2,76,33,0.434,17,6,0.353,17,13,0.765,32,6,38,17,9,-3,240.0,26,22,18,19,11,10,7,11,0,10,30,5,7,0,28,16,,Regular Season,,,,,9,0,,,,2008-01-29 22:00:00
20700663,2008-01-29 22:00:00,Seattle,SuperSonics,1610612760,San Antonio,Spurs,1610612759,1,1,88,85,20,7,7,89,37,0.416,7,1,0.143,13,13,1.0,34,11,45,16,6,3,240.0,25,21,17,25,34,3,7,11,15,12,40,14,7,0,10,35,,Regular Season,,,,,7,0,,,,2008-01-29 22:00:00
20700651,2008-01-27 21:00:00,Sacramento,Kings,1610612758,Seattle,SuperSonics,1610612760,0,1,103,101,25,8,7,81,37,0.457,16,6,0.375,26,23,0.885,30,6,36,26,15,2,240.0,25,29,20,29,31,13,7,4,8,0,34,11,4,0,19,24,,Regular Season,,,,,12,0,,,,2008-01-27 21:00:00
20700651,2008-01-27 21:00:00,Seattle,SuperSonics,1610612760,Sacramento,Kings,1610612758,1,0,101,103,25,4,8,81,34,0.42,13,4,0.308,39,29,0.744,30,15,45,25,13,-2,240.0,18,30,25,28,40,3,7,4,15,0,32,17,4,0,9,35,,Regular Season,,,,,11,0,,,,2008-01-27 21:00:00
20700637,2008-01-25 22:30:00,Atlanta,Hawks,1610612737,Seattle,SuperSonics,1610612760,0,1,99,90,19,7,8,83,36,0.434,8,3,0.375,30,24,0.8,37,12,49,22,15,9,240.0,23,29,26,21,19,24,10,0,17,10,40,15,1,0,19,21,,Regular Season,,,,,9,0,,,,2008-01-25 22:30:00
20700637,2008-01-25 22:30:00,Seattle,SuperSonics,1610612760,Atlanta,Hawks,1610612737,1,0,90,99,17,10,10,88,36,0.409,11,0,0.0,23,18,0.783,32,9,41,22,13,-9,240.0,14,17,28,31,44,0,7,0,14,11,56,12,1,0,9,34,,Regular Season,,,,,11,0,,,,2008-01-25 22:30:00
20700620,2008-01-23 22:00:00,Seattle,SuperSonics,1610612760,Houston,Rockets,1610612745,1,0,107,109,23,4,2,81,42,0.519,8,1,0.125,27,22,0.815,28,8,36,23,10,-2,240.0,25,34,24,24,49,13,14,6,6,10,30,9,4,0,9,33,,Regular Season,,,,,18,1,,,,2008-01-23 22:00:00
20700620,2008-01-23 22:00:00,Houston,Rockets,1610612745,Seattle,SuperSonics,1610612760,0,1,109,107,28,3,4,88,41,0.466,23,11,0.478,26,16,0.615,24,11,35,24,8,2,240.0,24,26,28,31,50,4,8,6,1,9,36,17,4,0,23,19,,Regular Season,,,,,12,1,,,,2008-01-23 22:00:00
20700600,2008-01-21 14:30:00,Houston,Rockets,1610612745,Seattle,SuperSonics,1610612760,1,1,96,89,21,10,8,87,37,0.425,12,1,0.083,31,21,0.677,32,14,46,18,10,7,240.0,22,31,24,19,31,13,7,15,12,15,48,23,16,0,22,19,,Regular Season,,,,,13,0,,,,2008-01-21 14:30:00
20700600,2008-01-21 14:30:00,Seattle,SuperSonics,1610612760,Houston,Rockets,1610612745,0,0,89,96,27,3,7,92,39,0.424,14,3,0.214,14,8,0.571,33,13,46,26,15,-7,240.0,24,28,16,21,35,4,7,15,17,6,36,17,16,0,9,32,,Regular Season,,,,,14,0,,,,2008-01-21 14:30:00
20700591,2008-01-19 21:00:00,Seattle,SuperSonics,1610612760,Dallas,Mavericks,1610612742,0,0,96,111,19,0,6,79,35,0.443,6,1,0.167,29,25,0.862,32,9,41,17,17,-15,240.0,24,20,28,24,48,1,8,2,19,16,36,8,1,0,9,31,,Regular Season,,,,,3,1,,,,2008-01-19 21:00:00
20700591,2008-01-19 21:00:00,Dallas,Mavericks,1610612742,Seattle,SuperSonics,1610612760,1,1,111,96,28,8,9,89,46,0.517,19,8,0.421,18,11,0.611,34,13,47,21,15,15,240.0,33,33,23,22,51,24,11,2,25,23,38,12,1,0,27,12,,Regular Season,,,,,7,1,,,,2008-01-19 21:00:00
20700578,2008-01-18 20:00:00,Seattle,SuperSonics,1610612760,Memphis,Grizzlies,1610612763,0,0,100,124,19,7,3,99,43,0.434,19,4,0.211,17,10,0.588,32,15,47,13,13,-24,240.0,25,22,25,28,54,0,6,0,22,19,44,16,1,0,9,30,,Regular Season,,,,,9,2,,,,2008-01-18 20:00:00
20700578,2008-01-18 20:00:00,Memphis,Grizzlies,1610612763,Seattle,SuperSonics,1610612760,1,1,124,100,32,11,6,100,52,0.52,26,13,0.5,13,7,0.538,38,15,53,16,14,24,240.0,32,36,34,22,42,33,16,0,28,17,62,21,1,0,11,28,,Regular Season,,,,,8,1,,,,2008-01-18 20:00:00
20700569,2008-01-16 20:00:00,Seattle,SuperSonics,1610612760,New Orleans,Hornets,1610612740,0,0,92,123,29,4,6,86,37,0.43,11,6,0.545,14,12,0.857,33,8,41,18,15,-31,240.0,18,28,29,17,32,1,8,2,23,11,42,9,0,0,9,29,,Regular Season,,,,,3,0,,,,2008-01-16 20:00:00
20700569,2008-01-16 20:00:00,New Orleans,Hornets,1610612740,Seattle,SuperSonics,1610612760,1,1,123,92,32,6,7,93,48,0.516,22,12,0.545,21,15,0.714,40,13,53,13,13,31,240.0,30,35,30,28,52,32,11,2,25,26,52,20,0,0,26,12,,Regular Season,,,,,5,1,,,,2008-01-16 20:00:00
20700553,2008-01-14 22:00:00,Seattle,SuperSonics,1610612760,Los Angeles,Lakers,1610612747,1,0,121,123,28,9,5,104,50,0.481,14,5,0.357,23,16,0.696,41,14,55,21,13,-2,265.0,29,33,29,24,42,8,9,22,21,12,56,17,11,0,9,28,,Regular Season,,,,,8,1,6,,6,2008-01-14 22:00:00
20700553,2008-01-14 22:00:00,Los Angeles,Lakers,1610612747,Seattle,SuperSonics,1610612760,0,1,123,121,24,4,6,102,47,0.461,21,7,0.333,28,22,0.786,36,9,45,19,9,2,265.0,28,36,23,28,43,11,15,22,19,19,46,14,11,0,26,11,,Regular Season,,,,,14,1,8,,8,2008-01-14 22:00:00
20700533,2008-01-11 22:30:00,Dallas,Mavericks,1610612742,Seattle,SuperSonics,1610612760,0,1,90,70,13,6,6,83,34,0.41,13,3,0.231,21,19,0.905,37,15,52,14,11,20,240.0,18,26,22,24,35,26,8,3,7,15,44,20,5,0,25,11,,Regular Season,,,,,4,0,,,,2008-01-11 22:30:00
20700533,2008-01-11 22:30:00,Seattle,SuperSonics,1610612760,Dallas,Mavericks,1610612742,1,0,70,90,20,6,5,79,28,0.354,11,3,0.273,16,11,0.688,32,9,41,20,13,-20,240.0,16,19,13,22,27,4,7,3,9,10,28,10,5,0,9,27,,Regular Season,,,,,10,0,,,,2008-01-11 22:30:00
20700512,2008-01-09 19:30:00,New Jersey,Nets,1610612751,Seattle,SuperSonics,1610612760,1,1,99,88,27,4,13,80,38,0.475,16,8,0.5,22,15,0.682,32,10,42,18,17,11,240.0,30,29,21,19,24,20,9,3,17,24,40,5,5,0,18,17,,Regular Season,,,,,8,2,,,,2008-01-09 19:30:00
20700512,2008-01-09 19:30:00,Seattle,SuperSonics,1610612760,New Jersey,Nets,1610612751,0,0,88,99,17,8,9,84,34,0.405,14,3,0.214,21,17,0.81,30,15,45,17,17,-11,240.0,21,25,19,23,42,4,7,3,7,16,44,16,5,0,9,26,,Regular Season,,,,,8,0,,,,2008-01-09 19:30:00
20700503,2008-01-08 19:00:00,Cleveland,Cavaliers,1610612739,Seattle,SuperSonics,1610612760,1,1,95,79,20,6,15,85,34,0.4,21,7,0.333,24,20,0.833,36,10,46,19,12,16,240.0,24,21,29,21,45,22,12,1,19,28,42,12,2,0,18,17,,Regular Season,,,,,8,0,,,,2008-01-08 19:00:00
20700503,2008-01-08 19:00:00,Seattle,SuperSonics,1610612760,Cleveland,Cavaliers,1610612739,0,0,79,95,22,5,5,79,32,0.405,10,3,0.3,16,12,0.75,37,8,45,16,23,-16,240.0,15,18,23,23,36,4,7,1,13,10,34,6,2,0,9,25,,Regular Season,,,,,7,0,,,,2008-01-08 19:00:00
20700491,2008-01-06 13:00:00,Washington,Wizards,1610612764,Seattle,SuperSonics,1610612760,1,1,108,86,26,4,15,87,42,0.483,14,5,0.357,24,19,0.792,33,10,43,19,11,22,240.0,31,21,26,30,18,28,12,4,22,27,50,12,1,0,17,15,,Regular Season,,,,,6,0,,,,2008-01-06 13:00:00
20700491,2008-01-06 13:00:00,Seattle,SuperSonics,1610612760,Washington,Wizards,1610612764,0,0,86,108,20,1,4,84,32,0.381,16,6,0.375,22,16,0.727,35,16,51,18,22,-22,240.0,17,29,23,17,32,1,7,4,9,6,36,17,1,0,9,24,,Regular Season,,,,,8,3,,,,2008-01-06 13:00:00
20700471,2008-01-03 22:30:00,Seattle,SuperSonics,1610612760,Phoenix,Suns,1610612756,0,0,96,104,16,2,5,103,40,0.388,10,2,0.2,18,14,0.778,35,18,53,26,12,-8,240.0,33,12,18,33,16,20,10,4,14,10,38,24,3,0,9,23,,Regular Season,,,,,11,3,,,,2008-01-03 22:30:00
20700471,2008-01-03 22:30:00,Phoenix,Suns,1610612756,Seattle,SuperSonics,1610612760,1,1,104,96,25,9,6,81,36,0.444,20,8,0.4,35,24,0.686,39,10,49,18,11,8,240.0,13,30,29,32,22,15,12,4,13,14,40,9,3,0,23,9,,Regular Season,,,,,10,0,,,,2008-01-03 22:30:00
20700456,2007-12-31 22:00:00,Philadelphia,76ers,1610612755,Seattle,SuperSonics,1610612760,0,1,98,90,19,7,11,69,34,0.493,10,5,0.5,36,25,0.694,29,6,35,15,13,8,240.0,21,25,27,25,29,13,8,4,9,17,32,7,7,0,14,17,,Regular Season,,,,,12,0,,,,2007-12-31 22:00:00
20700456,2007-12-31 22:00:00,Seattle,SuperSonics,1610612760,Philadelphia,76ers,1610612755,1,0,90,98,24,4,4,87,37,0.425,17,7,0.412,11,9,0.818,30,16,46,24,14,-8,240.0,23,11,28,28,25,7,7,4,10,11,26,19,7,0,9,22,,Regular Season,,,,,5,1,,,,2007-12-31 22:00:00
20700442,2007-12-29 22:00:00,Minnesota,Timberwolves,1610612750,Seattle,SuperSonics,1610612760,0,0,90,109,18,3,9,94,37,0.394,15,5,0.333,20,11,0.55,29,16,45,20,9,-19,240.0,30,16,13,31,41,9,7,5,8,15,42,14,6,0,4,25,,Regular Season,,,,,11,0,,,,2007-12-29 22:00:00
20700442,2007-12-29 22:00:00,Seattle,SuperSonics,1610612760,Minnesota,Timberwolves,1610612750,1,1,109,90,28,8,6,82,44,0.537,19,8,0.421,22,13,0.591,41,9,50,15,12,19,240.0,21,36,27,25,59,28,12,5,13,14,42,3,6,0,9,21,,Regular Season,,,,,7,0,,,,2007-12-29 22:00:00
20700421,2007-12-27 22:30:00,Boston,Celtics,1610612738,Seattle,SuperSonics,1610612760,0,1,104,96,21,3,4,86,34,0.395,19,9,0.474,36,27,0.75,28,14,42,15,5,8,240.0,24,23,23,34,25,14,6,4,11,8,18,18,4,0,24,3,,Regular Season,,,,,10,1,,,,2007-12-27 22:30:00
20700421,2007-12-27 22:30:00,Seattle,SuperSonics,1610612760,Boston,Celtics,1610612738,1,0,96,104,19,10,3,81,37,0.457,13,4,0.308,23,18,0.783,39,11,50,23,12,-8,240.0,19,27,21,29,43,1,7,4,23,6,40,14,4,0,8,21,,Regular Season,,,,,8,1,,,,2007-12-27 22:30:00
20700407,2007-12-25 20:00:00,Seattle,SuperSonics,1610612760,Portland,Trail Blazers,1610612757,0,0,79,89,22,3,3,76,31,0.408,13,5,0.385,18,12,0.667,38,12,50,15,13,-10,240.0,24,20,18,17,35,6,6,4,13,6,26,3,6,0,8,20,,Regular Season,,,,,5,0,,,,2007-12-25 20:00:00
20700407,2007-12-25 20:00:00,Portland,Trail Blazers,1610612757,Seattle,SuperSonics,1610612760,1,1,89,79,27,0,5,93,36,0.387,19,7,0.368,14,10,0.714,34,19,53,19,6,10,240.0,24,22,24,19,48,16,12,4,5,15,26,20,6,0,16,12,,Regular Season,,,,,4,0,,,,2007-12-25 20:00:00
20700390,2007-12-21 22:30:00,Seattle,SuperSonics,1610612760,Toronto,Raptors,1610612761,1,1,123,115,33,10,5,84,47,0.56,17,10,0.588,21,19,0.905,30,5,35,15,13,8,240.0,33,23,36,31,57,18,7,8,24,17,50,6,10,0,8,19,,Regular Season,,,,,7,0,,,,2007-12-21 22:30:00
20700390,2007-12-21 22:30:00,Toronto,Raptors,1610612761,Seattle,SuperSonics,1610612760,0,0,115,123,32,5,6,93,46,0.495,26,13,0.5,12,10,0.833,29,10,39,22,14,-8,240.0,33,29,21,32,52,10,13,8,9,8,30,12,10,0,15,13,,Regular Season,,,,,7,1,,,,2007-12-21 22:30:00
20700377,2007-12-19 22:00:00,New Orleans,Hornets,1610612740,Seattle,SuperSonics,1610612760,0,1,107,93,27,8,11,94,46,0.489,23,12,0.522,5,3,0.6,28,14,42,19,11,14,240.0,24,28,29,26,11,26,13,1,6,19,46,20,1,0,16,10,,Regular Season,,,,,5,0,,,,2007-12-19 22:00:00
20700377,2007-12-19 22:00:00,Seattle,SuperSonics,1610612760,New Orleans,Hornets,1610612740,1,0,93,107,18,4,9,85,36,0.424,14,5,0.357,19,16,0.842,30,16,46,11,17,-14,240.0,17,16,30,30,45,4,8,1,17,16,46,21,1,0,7,19,,Regular Season,,,,,9,3,,,,2007-12-19 22:00:00
20700349,2007-12-15 21:00:00,Utah,Jazz,1610612762,Seattle,SuperSonics,1610612760,1,1,96,75,24,6,15,75,37,0.493,7,2,0.286,25,20,0.8,35,5,40,24,18,21,240.0,20,31,25,20,19,21,9,6,17,19,46,4,3,0,14,11,,Regular Season,,,,,15,1,,,,2007-12-15 21:00:00
20700349,2007-12-15 21:00:00,Seattle,SuperSonics,1610612760,Utah,Jazz,1610612762,0,0,75,96,17,5,8,79,26,0.329,11,4,0.364,23,19,0.826,26,11,37,20,19,-21,240.0,27,13,26,9,44,10,11,6,11,15,34,12,3,0,7,18,,Regular Season,,,,,8,0,,,,2007-12-15 21:00:00
20700334,2007-12-14 20:00:00,Seattle,SuperSonics,1610612760,Minnesota,Timberwolves,1610612750,0,1,99,88,20,4,13,92,40,0.435,14,1,0.071,21,18,0.857,33,17,50,16,20,11,240.0,11,32,32,24,33,15,10,4,21,26,50,29,7,0,7,17,,Regular Season,,,,,9,1,,,,2007-12-14 20:00:00
20700334,2007-12-14 20:00:00,Minnesota,Timberwolves,1610612750,Seattle,SuperSonics,1610612760,1,0,88,99,19,9,7,84,33,0.393,20,4,0.2,26,18,0.692,29,13,42,21,21,-11,240.0,26,20,19,23,37,15,10,4,6,19,44,17,7,0,3,18,,Regular Season,,,,,13,0,,,,2007-12-14 20:00:00
20700319,2007-12-12 19:30:00,New York,Knicks,1610612752,Seattle,SuperSonics,1610612760,1,0,110,117,17,1,6,95,45,0.474,21,6,0.286,20,14,0.7,28,19,47,22,14,-7,240.0,31,25,23,31,34,9,6,13,4,10,66,26,11,0,6,15,,Regular Season,,,,,10,0,,,,2007-12-12 19:30:00
20700319,2007-12-12 19:30:00,Seattle,SuperSonics,1610612760,New York,Knicks,1610612752,0,1,117,110,20,3,9,81,47,0.58,12,5,0.417,25,18,0.72,28,8,36,21,12,7,240.0,27,26,30,34,53,7,7,13,10,27,48,10,11,0,6,17,,Regular Season,,,,,4,1,,,,2007-12-12 19:30:00
20700311,2007-12-11 20:30:00,Chicago,Bulls,1610612741,Seattle,SuperSonics,1610612760,1,1,123,96,35,3,10,95,51,0.537,16,8,0.5,16,13,0.813,33,11,44,17,11,27,240.0,31,36,30,26,38,32,11,2,21,24,54,11,4,0,7,12,,Regular Season,,,,,9,0,,,,2007-12-11 20:30:00
20700311,2007-12-11 20:30:00,Seattle,SuperSonics,1610612760,Chicago,Bulls,1610612741,0,0,96,123,27,6,4,77,38,0.494,11,3,0.273,24,17,0.708,27,7,34,16,18,-27,240.0,27,22,24,23,48,1,6,2,10,8,32,6,4,0,5,17,,Regular Season,,,,,6,1,,,,2007-12-11 20:30:00
20700299,2007-12-09 19:00:00,Seattle,SuperSonics,1610612760,New Orleans,Hornets,1610612740,0,0,88,91,21,6,5,90,34,0.378,11,4,0.364,20,16,0.8,37,19,56,17,16,-3,240.0,17,24,24,23,26,1,11,2,7,3,28,16,8,0,5,16,,Regular Season,,,,,7,1,,,,2007-12-09 19:00:00
20700299,2007-12-09 19:00:00,New Orleans,Hornets,1610612740,Seattle,SuperSonics,1610612760,1,1,91,88,19,8,6,81,37,0.457,11,2,0.182,27,15,0.556,34,9,43,18,12,3,240.0,23,29,15,24,24,14,9,2,16,0,42,11,8,0,14,7,,Regular Season,,,,,10,0,,,,2007-12-09 19:00:00
20700286,2007-12-07 22:30:00,Seattle,SuperSonics,1610612760,Milwaukee,Bucks,1610612749,1,1,104,98,17,7,2,75,33,0.44,15,4,0.267,41,34,0.829,38,11,49,25,16,6,240.0,31,22,20,31,30,10,6,3,18,11,42,16,8,0,5,15,,Regular Season,,,,,11,1,,,,2007-12-07 22:30:00
20700286,2007-12-07 22:30:00,Milwaukee,Bucks,1610612749,Seattle,SuperSonics,1610612760,0,0,98,104,20,4,6,91,34,0.374,17,8,0.471,28,22,0.786,25,17,42,28,10,-6,240.0,24,25,19,30,12,5,6,3,2,10,38,15,8,0,8,10,,Regular Season,,,,,10,1,,,,2007-12-07 22:30:00
20700272,2007-12-05 22:30:00,Seattle,SuperSonics,1610612760,Los Angeles,Clippers,1610612746,1,1,95,88,23,5,8,76,35,0.461,11,6,0.545,24,19,0.792,43,6,49,29,21,7,240.0,18,25,30,22,41,17,8,8,8,8,32,11,3,0,4,15,,Regular Season,,,,,6,1,,,,2007-12-05 22:30:00
20700272,2007-12-05 22:30:00,Los Angeles,Clippers,1610612746,Seattle,SuperSonics,1610612760,0,0,88,95,21,9,7,78,27,0.346,13,4,0.308,34,30,0.882,32,7,39,20,14,-7,240.0,17,18,26,27,21,3,6,8,9,19,26,8,3,0,6,11,,Regular Season,,,,,7,0,,,,2007-12-05 22:30:00
20700248,2007-12-02 21:00:00,Seattle,SuperSonics,1610612760,Golden State,Warriors,1610612744,1,0,96,109,14,8,2,87,36,0.414,10,2,0.2,29,22,0.759,40,12,52,13,18,-13,240.0,18,23,25,30,56,0,9,0,17,7,50,16,2,0,3,15,,Regular Season,,,,,8,2,,,,2007-12-02 21:00:00
20700248,2007-12-02 21:00:00,Golden State,Warriors,1610612744,Seattle,SuperSonics,1610612760,0,1,109,96,24,7,12,103,44,0.427,26,11,0.423,15,10,0.667,41,12,53,19,11,13,240.0,35,25,28,21,19,28,12,0,27,9,48,20,2,0,9,7,,Regular Season,,,,,9,0,,,,2007-12-02 21:00:00
20700234,2007-11-30 22:30:00,Indiana,Pacers,1610612754,Seattle,SuperSonics,1610612760,0,0,93,95,21,8,10,92,33,0.359,25,6,0.24,28,21,0.75,36,12,48,21,14,-2,240.0,24,24,17,28,32,6,9,18,17,20,30,9,12,0,8,9,,Regular Season,,,,,10,0,,,,2007-11-30 22:30:00
20700234,2007-11-30 22:30:00,Seattle,SuperSonics,1610612760,Indiana,Pacers,1610612754,1,1,95,93,23,10,10,82,35,0.427,13,6,0.462,26,19,0.731,47,8,55,22,21,2,240.0,22,27,21,25,29,8,9,18,13,18,26,12,12,0,3,14,,Regular Season,,,,,7,1,,,,2007-11-30 22:30:00
20700220,2007-11-28 22:00:00,Orlando,Magic,1610612753,Seattle,SuperSonics,1610612760,0,1,110,94,26,7,6,83,36,0.434,30,10,0.333,37,28,0.757,42,13,55,21,15,16,240.0,30,27,26,27,27,18,11,4,22,11,42,14,3,0,14,3,,Regular Season,,,,,12,0,,,,2007-11-28 22:00:00
20700220,2007-11-28 22:00:00,Seattle,SuperSonics,1610612760,Orlando,Magic,1610612753,1,0,94,110,18,6,6,96,34,0.354,18,5,0.278,26,21,0.808,30,18,48,25,11,-16,240.0,24,21,23,26,36,4,8,4,17,15,38,15,3,0,2,14,,Regular Season,,,,,8,0,,,,2007-11-28 22:00:00
20700210,2007-11-27 22:30:00,Los Angeles,Lakers,1610612747,Seattle,SuperSonics,1610612760,1,1,106,99,24,3,3,79,36,0.456,11,4,0.364,36,30,0.833,37,11,48,24,12,7,240.0,30,24,31,21,23,14,7,9,7,9,40,4,12,0,8,6,,Regular Season,,,,,7,1,,,,2007-11-27 22:30:00
20700210,2007-11-27 22:30:00,Seattle,SuperSonics,1610612760,Los Angeles,Lakers,1610612747,0,0,99,106,17,5,7,91,38,0.418,13,5,0.385,28,18,0.643,28,13,41,24,10,-7,240.0,25,29,19,26,33,7,11,9,9,12,38,13,12,0,2,13,,Regular Season,,,,,16,1,,,,2007-11-27 22:30:00
20700195,2007-11-25 21:00:00,Seattle,SuperSonics,1610612760,San Antonio,Spurs,1610612759,1,0,101,116,20,4,5,78,41,0.526,10,4,0.4,18,15,0.833,24,5,29,22,9,-15,240.0,30,34,20,17,48,9,8,5,6,10,40,12,7,0,2,12,,Regular Season,,,,,6,1,,,,2007-11-25 21:00:00
20700195,2007-11-25 21:00:00,San Antonio,Spurs,1610612759,Seattle,SuperSonics,1610612760,0,1,116,101,23,3,3,80,41,0.513,19,11,0.579,24,23,0.958,27,12,39,18,9,15,240.0,32,32,27,25,47,15,14,5,2,10,44,25,7,0,12,2,,Regular Season,,,,,6,0,,,,2007-11-25 21:00:00
20700181,2007-11-23 22:30:00,Seattle,SuperSonics,1610612760,New Jersey,Nets,1610612751,1,0,93,98,18,3,4,73,35,0.479,12,5,0.417,27,18,0.667,30,9,39,17,21,-5,240.0,22,20,26,25,42,5,7,1,12,15,32,11,5,0,2,11,,Regular Season,,,,,15,0,,,,2007-11-23 22:30:00
20700181,2007-11-23 22:30:00,New Jersey,Nets,1610612751,Seattle,SuperSonics,1610612760,0,1,98,93,18,1,10,79,39,0.494,13,5,0.385,22,15,0.682,25,8,33,24,14,5,240.0,28,24,24,22,38,13,7,1,12,20,44,13,5,0,6,7,,Regular Season,,,,,7,1,,,,2007-11-23 22:30:00
20700146,2007-11-19 20:00:00,Memphis,Grizzlies,1610612763,Seattle,SuperSonics,1610612760,1,1,125,108,33,10,9,86,48,0.558,15,8,0.533,28,21,0.75,25,10,35,24,13,17,240.0,38,30,34,23,40,27,10,2,11,18,66,6,3,0,3,7,,Regular Season,,,,,9,0,,,,2007-11-19 20:00:00
20700146,2007-11-19 20:00:00,Seattle,SuperSonics,1610612760,Memphis,Grizzlies,1610612763,0,0,108,125,20,3,5,87,39,0.448,9,3,0.333,34,27,0.794,30,18,48,25,17,-17,240.0,24,29,24,31,48,1,6,2,8,14,48,15,3,0,2,10,,Regular Season,,,,,8,1,,,,2007-11-19 20:00:00
20700132,2007-11-17 19:00:00,Charlotte,Bobcats,1610612766,Seattle,SuperSonics,1610612760,1,1,100,84,23,6,6,89,39,0.438,21,10,0.476,20,12,0.6,43,17,60,25,17,16,240.0,22,25,30,23,23,20,9,8,22,21,46,15,8,0,5,4,,Regular Season,,,,,9,2,,,,2007-11-17 19:00:00
20700132,2007-11-17 19:00:00,Seattle,SuperSonics,1610612760,Charlotte,Bobcats,1610612766,0,0,84,100,14,10,9,84,26,0.31,11,3,0.273,36,29,0.806,28,10,38,19,14,-16,240.0,22,27,21,14,21,8,10,8,10,20,34,7,8,0,2,9,,Regular Season,,,,,16,0,,,,2007-11-17 19:00:00
20700123,2007-11-16 19:30:00,Atlanta,Hawks,1610612737,Seattle,SuperSonics,1610612760,1,0,123,126,24,7,6,99,45,0.455,23,6,0.261,33,27,0.818,34,13,47,30,15,-3,290.0,23,22,37,25,37,4,10,16,17,22,52,9,23,0,3,5,,Regular Season,,,,,15,3,7,9,16,2007-11-16 19:30:00
20700123,2007-11-16 19:30:00,Seattle,SuperSonics,1610612760,Atlanta,Hawks,1610612737,0,1,126,123,23,4,6,99,47,0.475,16,6,0.375,31,26,0.839,31,12,43,28,13,3,290.0,26,32,26,23,23,14,15,16,19,15,50,13,23,0,2,8,,Regular Season,,,,,12,0,7,12,19,2007-11-16 19:30:00
20700109,2007-11-14 19:30:00,Seattle,SuperSonics,1610612760,Miami,Heat,1610612748,0,1,104,95,23,2,5,75,37,0.493,19,10,0.526,25,20,0.8,40,12,52,22,24,9,240.0,30,31,19,24,37,23,11,0,18,15,38,14,0,0,1,8,,Regular Season,,,,,9,2,,,,2007-11-14 19:30:00
20700109,2007-11-14 19:30:00,Miami,Heat,1610612748,Seattle,SuperSonics,1610612760,1,0,95,104,15,3,14,83,32,0.386,26,7,0.269,33,24,0.727,23,11,34,18,12,-9,240.0,25,16,27,27,41,0,10,0,9,34,42,17,0,0,1,7,,Regular Season,,,,,8,0,,,,2007-11-14 19:30:00
20700097,2007-11-13 19:00:00,Seattle,SuperSonics,1610612760,Orlando,Magic,1610612753,0,0,76,103,16,5,14,96,33,0.344,10,2,0.2,14,8,0.571,32,12,44,23,17,-27,240.0,14,22,20,20,41,7,7,1,25,26,46,12,1,0,0,8,,Regular Season,,,,,7,0,,,,2007-11-13 19:00:00
20700097,2007-11-13 19:00:00,Orlando,Magic,1610612753,Seattle,SuperSonics,1610612760,1,1,103,76,24,4,6,82,38,0.463,25,10,0.4,22,17,0.773,48,10,58,16,26,27,240.0,28,21,36,18,27,33,15,1,16,5,42,5,1,0,6,2,,Regular Season,,,,,9,0,,,,2007-11-13 19:00:00
20700091,2007-11-11 21:00:00,Detroit,Pistons,1610612765,Seattle,SuperSonics,1610612760,0,1,107,103,27,1,10,88,38,0.432,23,8,0.348,33,23,0.697,37,12,49,25,11,4,240.0,35,29,17,26,28,23,12,1,8,11,30,21,1,0,5,1,,Regular Season,,,,,11,0,,,,2007-11-11 21:00:00
20700091,2007-11-11 21:00:00,Seattle,SuperSonics,1610612760,Detroit,Pistons,1610612765,1,0,103,107,21,2,7,86,37,0.43,9,3,0.333,29,26,0.897,36,11,47,25,13,-4,240.0,20,32,21,30,52,2,11,1,23,7,46,12,1,0,0,7,,Regular Season,,,,,5,0,,,,2007-11-11 21:00:00
20700078,2007-11-09 22:30:00,Seattle,SuperSonics,1610612760,Utah,Jazz,1610612762,1,0,101,103,19,6,9,85,40,0.471,13,2,0.154,29,19,0.655,26,12,38,23,17,-2,240.0,25,21,29,26,43,3,8,7,22,18,66,8,6,0,0,6,,Regular Season,,,,,16,0,,,,2007-11-09 22:30:00
20700078,2007-11-09 22:30:00,Utah,Jazz,1610612762,Seattle,SuperSonics,1610612760,0,1,103,101,32,8,11,86,42,0.488,8,1,0.125,27,18,0.667,31,13,44,20,19,2,240.0,28,24,26,25,23,11,6,7,6,13,58,17,6,0,4,2,,Regular Season,,,,,10,1,,,,2007-11-09 22:30:00
20700061,2007-11-07 22:00:00,Memphis,Grizzlies,1610612763,Seattle,SuperSonics,1610612760,0,1,105,98,18,5,5,93,35,0.376,25,10,0.4,32,25,0.781,32,21,53,16,18,7,240.0,27,22,38,18,20,7,8,12,13,26,42,32,6,0,1,2,,Regular Season,,,,,11,0,,,,2007-11-07 22:00:00
20700061,2007-11-07 22:00:00,Seattle,SuperSonics,1610612760,Memphis,Grizzlies,1610612763,1,0,98,105,18,9,10,85,39,0.459,12,3,0.25,19,17,0.895,32,13,45,29,19,-7,240.0,24,33,24,17,30,14,9,12,25,20,52,18,6,0,0,5,,Regular Season,,,,,4,1,,,,2007-11-07 22:00:00
20700051,2007-11-06 22:00:00,Sacramento,Kings,1610612758,Seattle,SuperSonics,1610612760,1,1,104,98,16,4,14,78,35,0.449,17,5,0.294,37,29,0.784,28,13,41,19,19,6,240.0,26,22,24,32,21,7,9,8,10,34,42,14,9,0,1,3,,Regular Season,,,,,8,2,,,,2007-11-06 22:00:00
20700051,2007-11-06 22:00:00,Seattle,SuperSonics,1610612760,Sacramento,Kings,1610612758,0,0,98,104,19,4,11,79,38,0.481,21,8,0.381,18,14,0.778,30,12,42,29,26,-6,240.0,25,36,17,20,52,20,15,8,27,24,30,16,9,0,0,4,,Regular Season,,,,,5,1,,,,2007-11-06 22:00:00
20700036,2007-11-04 15:30:00,Los Angeles,Clippers,1610612746,Seattle,SuperSonics,1610612760,1,1,115,101,25,5,14,89,41,0.461,18,7,0.389,34,26,0.765,36,12,48,22,12,14,240.0,25,27,26,37,43,17,9,7,12,25,48,18,8,0,2,0,,Regular Season,,,,,5,0,,,,2007-11-04 15:30:00
20700036,2007-11-04 15:30:00,Seattle,SuperSonics,1610612760,Los Angeles,Clippers,1610612746,0,0,101,115,25,4,6,83,39,0.47,13,5,0.385,22,18,0.818,37,10,47,24,22,-14,240.0,21,31,24,25,34,5,8,7,2,8,40,11,8,0,0,3,,Regular Season,,,,,4,0,,,,2007-11-04 15:30:00
20700014,2007-11-01 22:30:00,Phoenix,Suns,1610612756,Seattle,SuperSonics,1610612760,0,1,106,99,31,2,11,84,42,0.5,33,11,0.333,17,11,0.647,39,5,44,14,20,7,240.0,27,28,24,27,32,11,13,12,22,27,40,8,13,0,1,0,,Regular Season,,,,,7,1,,,,2007-11-01 22:30:00
20700014,2007-11-01 22:30:00,Seattle,SuperSonics,1610612760,Phoenix,Suns,1610612756,1,0,99,106,24,2,10,99,41,0.414,13,5,0.385,15,12,0.8,39,11,50,17,18,-7,240.0,26,32,24,17,22,9,11,12,21,21,46,14,13,0,0,2,,Regular Season,,,,,8,0,,,,2007-11-01 22:30:00
20700011,2007-10-31 22:30:00,Denver,Nuggets,1610612743,Seattle,SuperSonics,1610612760,1,1,120,103,31,10,11,91,42,0.462,27,11,0.407,35,25,0.714,37,13,50,21,16,17,240.0,35,24,27,34,40,24,12,8,35,29,52,17,4,0,1,0,,Regular Season,,,,,9,1,,,,2007-10-31 22:30:00
20700011,2007-10-31 22:30:00,Seattle,SuperSonics,1610612760,Denver,Nuggets,1610612743,0,0,103,120,27,5,9,96,40,0.417,17,7,0.412,27,16,0.593,38,14,52,27,21,-17,240.0,31,27,23,22,39,7,8,8,25,18,54,13,4,0,0,1,,Regular Season,,,,,15,2,,,,2007-10-31 22:30:00
10700100,2007-10-24 22:00:00,Seattle,SuperSonics,1610612760,Portland,Trail Blazers,1610612757,0,0,107,109,19,3,7,84,43,0.512,12,3,0.25,21,18,0.857,30,7,37,28,17,-2,240.0,,,,,,,,,,,,,,,,,,,,,,,,,,,,2007-10-24 22:00:00
10700100,2007-10-24 22:00:00,Portland,Trail Blazers,1610612757,Seattle,SuperSonics,1610612760,1,1,109,107,16,2,9,86,39,0.453,9,4,0.444,40,27,0.675,26,18,44,17,16,2,240.0,,,,,,,,,,,,,,,,,,,,,,,,,,,,2007-10-24 22:00:00
10700093,2007-10-23 22:00:00,Seattle,SuperSonics,1610612760,Golden State,Warriors,1610612744,1,0,122,126,29,7,15,105,43,0.41,19,8,0.421,36,28,0.778,41,17,58,31,25,-4,265.0,,,,,,,,,,,,,,,,,,,,,,,,,,,,2007-10-23 22:00:00
10700093,2007-10-23 22:00:00,Golden State,Warriors,1610612744,Seattle,SuperSonics,1610612760,0,1,126,122,22,6,11,100,47,0.47,20,6,0.3,33,26,0.788,44,10,54,29,27,4,265.0,,,,,,,,,,,,,,,,,,,,,,,,,,,,2007-10-23 22:00:00
10700078,2007-10-20 22:00:00,Seattle,SuperSonics,1610612760,Houston,Rockets,1610612745,1,0,94,117,21,2,8,82,36,0.439,7,1,0.143,34,21,0.618,33,13,46,31,18,-23,240.0,,,,,,,,,,,,,,,,,,,,,,,,,,,,2007-10-20 22:00:00
10700078,2007-10-20 22:00:00,Houston,Rockets,1610612745,Seattle,SuperSonics,1610612760,0,1,117,94,28,4,8,88,40,0.455,27,11,0.407,32,26,0.813,31,9,40,25,16,23,240.0,,,,,,,,,,,,,,,,,,,,,,,,,,,,2007-10-20 22:00:00
10700062,2007-10-18 22:00:00,Seattle,SuperSonics,1610612760,Los Angeles,Lakers,1610612747,0,0,106,126,27,2,12,87,44,0.506,13,2,0.154,24,16,0.667,25,12,37,30,20,-20,240.0,,,,,,,,,,,,,,,,,,,,,,,,,,,,2007-10-18 22:00:00
10700062,2007-10-18 22:00:00,Los Angeles,Lakers,1610612747,Seattle,SuperSonics,1610612760,1,1,126,106,30,3,8,82,46,0.561,12,7,0.583,35,27,0.771,30,14,44,23,19,20,240.0,,,,,,,,,,,,,,,,,,,,,,,,,,,,2007-10-18 22:00:00
10700037,2007-10-13 19:00:00,Indiana,Pacers,1610612754,Seattle,SuperSonics,1610612760,1,1,97,87,24,6,4,101,38,0.376,26,11,0.423,18,10,0.556,38,19,57,19,12,10,240.0,,,,,,,,,,,,,,,,,,,,,,,,,,,,2007-10-13 19:00:00
10700037,2007-10-13 19:00:00,Seattle,SuperSonics,1610612760,Indiana,Pacers,1610612754,0,0,87,97,17,11,3,81,30,0.37,12,4,0.333,30,23,0.767,41,12,53,22,16,-10,240.0,,,,,,,,,,,,,,,,,,,,,,,,,,,,2007-10-13 19:00:00
10700032,2007-10-12 19:30:00,Seattle,SuperSonics,1610612760,Cleveland,Cavaliers,1610612739,0,1,96,90,20,3,9,91,37,0.407,15,6,0.4,29,16,0.552,34,20,54,22,13,6,240.0,,,,,,,,,,,,,,,,,,,,,,,,,,,,2007-10-12 19:30:00
10700032,2007-10-12 19:30:00,Cleveland,Cavaliers,1610612739,Seattle,SuperSonics,1610612760,1,0,90,96,17,11,6,79,31,0.392,23,4,0.174,30,24,0.8,31,11,42,20,15,-6,240.0,,,,,,,,,,,,,,,,,,,,,,,,,,,,2007-10-12 19:30:00
10700011,2007-10-09 22:00:00,Sacramento,Kings,1610612758,Seattle,SuperSonics,1610612760,1,1,104,98,19,5,17,81,33,0.407,25,8,0.32,36,30,0.833,29,13,42,19,24,6,240.0,,,,,,,,,,,,,,,,,,,,,,,,,,,,2007-10-09 22:00:00
10700011,2007-10-09 22:00:00,Seattle,SuperSonics,1610612760,Sacramento,Kings,1610612758,0,0,98,104,25,5,13,80,40,0.5,7,2,0.286,22,16,0.727,30,10,40,25,28,-6,240.0,,,,,,,,,,,,,,,,,,,,,,,,,,,,2007-10-09 22:00:00
