bin_pred,bin_actual,n,stat
0.07293344889442151,0.05228758169934641,153,Points (raw)
0.16022654303367212,0.17591339648173207,739,Points (raw)
0.2594713676442911,0.281678437889489,2407,Points (raw)
0.35795570325035575,0.38723219455703534,6908,Points (raw)
0.44729160691569675,0.4709165687426557,10212,Points (raw)
0.5425385487953651,0.5578453376861865,4901,Points (raw)
0.6416944837229949,0.6407310704960836,1915,Points (raw)
0.7432798762122428,0.763271162123386,697,Points (raw)
0.8365240597378448,0.8154506437768241,233,Points (raw)
0.9198610658581782,0.8461538461538461,39,Points (raw)
0.08066966289440367,0.017857142857142856,56,Points (calibrated)
0.1603118638783189,0.11325301204819277,415,Points (calibrated)
0.2607766648261837,0.2504816955684008,1557,Points (calibrated)
0.35991032551083135,0.35584604212055193,5508,Points (calibrated)
0.4504547123328141,0.45446830179071546,11783,Points (calibrated)
0.5412539101891715,0.5475603745687531,6087,Points (calibrated)
0.6400258278470649,0.6484453360080241,1994,Points (calibrated)
0.7416835029740041,0.7817896389324961,637,Points (calibrated)
0.8405474024347804,0.8397435897435898,156,Points (calibrated)
0.9168644707799661,0.7272727272727273,11,Points (calibrated)
0.07772453209381916,0.06097560975609756,82,Assists (raw)
0.16137709818816642,0.17,800,Assists (raw)
0.25852469518508814,0.25220228384991844,3065,Assists (raw)
0.35440157713416304,0.35537918871252205,6804,Assists (raw)
0.4500313013182672,0.4520564042303173,8510,Assists (raw)
0.5446377117287532,0.5427118644067797,5900,Assists (raw)
0.6406366272554749,0.6267985611510791,2224,Assists (raw)
0.7377930492271433,0.7363770250368189,679,Assists (raw)
0.831740705450773,0.8455882352941176,136,Assists (raw)
0.9151721532861005,1.0,4,Assists (raw)
0.07772453209381916,0.06097560975609756,82,Assists (calibrated)
0.16137709818816642,0.17,800,Assists (calibrated)
0.25852469518508814,0.25220228384991844,3065,Assists (calibrated)
0.35440157713416304,0.35537918871252205,6804,Assists (calibrated)
0.4500313013182672,0.4520564042303173,8510,Assists (calibrated)
0.5446377117287532,0.5427118644067797,5900,Assists (calibrated)
0.6406366272554749,0.6267985611510791,2224,Assists (calibrated)
0.7377930492271433,0.7363770250368189,679,Assists (calibrated)
0.831740705450773,0.8455882352941176,136,Assists (calibrated)
0.9151721532861005,1.0,4,Assists (calibrated)
0.07397201496943734,0.05555555555555555,54,Rebounds (raw)
0.1633824836153276,0.14738805970149255,536,Rebounds (raw)
0.2585910001558547,0.24614643545279383,2076,Rebounds (raw)
0.3577270561424222,0.35807560137457045,5820,Rebounds (raw)
0.45091602212051884,0.44871794871794873,9594,Rebounds (raw)
0.5437544499212024,0.5397752808988764,6675,Rebounds (raw)
0.6411074606510261,0.6438965238480194,2474,Rebounds (raw)
0.7405701742674512,0.739240506329114,790,Rebounds (raw)
0.8350170142583218,0.8353658536585366,164,Rebounds (raw)
0.9244336061744017,0.9523809523809523,21,Rebounds (raw)
0.07397201496943734,0.05555555555555555,54,Rebounds (calibrated)
0.1633824836153276,0.14738805970149255,536,Rebounds (calibrated)
0.2585910001558547,0.24614643545279383,2076,Rebounds (calibrated)
0.3577270561424222,0.35807560137457045,5820,Rebounds (calibrated)
0.45091602212051884,0.44871794871794873,9594,Rebounds (calibrated)
0.5437544499212024,0.5397752808988764,6675,Rebounds (calibrated)
0.6411074606510261,0.6438965238480194,2474,Rebounds (calibrated)
0.7405701742674512,0.739240506329114,790,Rebounds (calibrated)
0.8350170142583218,0.8353658536585366,164,Rebounds (calibrated)
0.9244336061744017,0.9523809523809523,21,Rebounds (calibrated)
0.021760548224610855,0.021152443471918306,2742,Threes (raw)
0.15826555748943644,0.15074024226110364,1486,Threes (raw)
0.25848522737000823,0.2543070197994343,3889,Threes (raw)
0.3527249423276881,0.3470252887004824,6841,Threes (raw)
0.4473493685022051,0.4399092970521542,6615,Threes (raw)
0.544519029714298,0.5360192686665207,4567,Threes (raw)
0.6395442335510974,0.6361416361416361,1638,Threes (raw)
0.735552393130176,0.7251908396946565,393,Threes (raw)
0.8272876570049555,0.7575757575757576,33,Threes (raw)
0.021760548224610855,0.021152443471918306,2742,Threes (calibrated)
0.15826555748943644,0.15074024226110364,1486,Threes (calibrated)
0.25848522737000823,0.2543070197994343,3889,Threes (calibrated)
0.3527249423276881,0.3470252887004824,6841,Threes (calibrated)
0.4473493685022051,0.4399092970521542,6615,Threes (calibrated)
0.544519029714298,0.5360192686665207,4567,Threes (calibrated)
0.6395442335510974,0.6361416361416361,1638,Threes (calibrated)
0.735552393130176,0.7251908396946565,393,Threes (calibrated)
0.8272876570049555,0.7575757575757576,33,Threes (calibrated)
0.07841558548304488,0.11702127659574468,94,Steals (raw)
0.1658109588463185,0.17247879359095195,2122,Steals (raw)
0.2533522040740343,0.26435626988113176,5973,Steals (raw)
0.34936310068641985,0.35822689706987226,6655,Steals (raw)
0.4487458780085836,0.45964691046658257,6344,Steals (raw)
0.5453176172800835,0.5413156479655852,5579,Steals (raw)
0.632975320426424,0.652271034996277,1343,Steals (raw)
0.7280345420723165,0.7526881720430108,93,Steals (raw)
0.8037296662199697,1.0,1,Steals (raw)
0.07795282644914572,0.13043478260869565,69,Steals (calibrated)
0.16792940035183632,0.16753926701570682,1719,Steals (calibrated)
0.2550440656580499,0.2513996749142135,5537,Steals (calibrated)
0.34912453298039126,0.3460776846915461,6565,Steals (calibrated)
0.4485357596592805,0.4434915773353752,6530,Steals (calibrated)
0.5471739415575118,0.537441235728677,5956,Steals (calibrated)
0.6329055956209693,0.6299120234604105,1705,Steals (calibrated)
0.7267022374820983,0.7355371900826446,121,Steals (calibrated)
0.8050201926441902,1.0,2,Steals (calibrated)
0.07602710047117124,0.06384092098377812,1911,Blocks (raw)
0.15331712717718413,0.1397684474822151,7169,Blocks (raw)
0.25036114790950237,0.24527008500137099,7294,Blocks (raw)
0.3466359189318451,0.34455239417071476,5764,Blocks (raw)
0.4463335127615482,0.4384781435509984,3706,Blocks (raw)
0.5401784159025426,0.5521098118962887,1967,Blocks (raw)
0.631633808347337,0.6097560975609756,369,Blocks (raw)
0.7230607959714094,0.875,24,Blocks (raw)
0.07349354487574618,0.06976744186046512,2365,Blocks (calibrated)
0.1509813879980637,0.14895039443775906,7479,Blocks (calibrated)
0.24955765835147828,0.2563568153397249,7197,Blocks (calibrated)
0.346799116826499,0.3507545086492455,5434,Blocks (calibrated)
0.44693946155792574,0.44335260115606934,3460,Blocks (calibrated)
0.5405448609759888,0.5580524344569289,1869,Blocks (calibrated)
0.632858743503879,0.6058981233243967,373,Blocks (calibrated)
0.725693746713417,0.8518518518518519,27,Blocks (calibrated)
0.07472808677138637,0.07462686567164178,67,Turnovers (raw)
0.16766364839128353,0.1619718309859155,994,Turnovers (raw)
0.25720943366586085,0.264692378328742,4356,Turnovers (raw)
0.3513643153506144,0.3448753462603878,7220,Turnovers (raw)
0.4484738211011209,0.4494323372047501,7663,Turnovers (raw)
0.5453452363369771,0.5462138084632516,5388,Turnovers (raw)
0.63949330609482,0.6399805919456575,2061,Turnovers (raw)
0.7324071580709168,0.7542168674698795,415,Turnovers (raw)
0.8295639945460207,0.875,40,Turnovers (raw)
0.07472808677138637,0.07462686567164178,67,Turnovers (calibrated)
0.16766364839128353,0.1619718309859155,994,Turnovers (calibrated)
0.25720943366586085,0.264692378328742,4356,Turnovers (calibrated)
0.3513643153506144,0.3448753462603878,7220,Turnovers (calibrated)
0.4484738211011209,0.4494323372047501,7663,Turnovers (calibrated)
0.5453452363369771,0.5462138084632516,5388,Turnovers (calibrated)
0.63949330609482,0.6399805919456575,2061,Turnovers (calibrated)
0.7324071580709168,0.7542168674698795,415,Turnovers (calibrated)
0.8295639945460207,0.875,40,Turnovers (calibrated)
0.16308385431832975,0.10344827586206896,58,Team points (raw)
0.25878901290238165,0.20476190476190476,210,Team points (raw)
0.3546188421003825,0.3170731707317073,492,Team points (raw)
0.45083737781434213,0.4097222222222222,720,Team points (raw)
0.5475310557353126,0.5660377358490566,636,Team points (raw)
0.6425364012868183,0.6602739726027397,365,Team points (raw)
0.7379357072677113,0.7602739726027398,146,Team points (raw)
0.825920257139293,0.75,16,Team points (raw)
0.9549935612294542,1.0,1,Team points (raw)
0.16308385431832975,0.10344827586206896,58,Team points (calibrated)
0.25878901290238165,0.20476190476190476,210,Team points (calibrated)
0.3546188421003825,0.3170731707317073,492,Team points (calibrated)
0.45083737781434213,0.4097222222222222,720,Team points (calibrated)
0.5475310557353126,0.5660377358490566,636,Team points (calibrated)
0.6425364012868183,0.6602739726027397,365,Team points (calibrated)
0.7379357072677113,0.7602739726027398,146,Team points (calibrated)
0.825920257139293,0.75,16,Team points (calibrated)
0.9549935612294542,1.0,1,Team points (calibrated)
0.09366071544849645,1.0,1,Team assists (raw)
0.1587130259996552,0.043478260869565216,23,Team assists (raw)
0.2655348578314486,0.22448979591836735,98,Team assists (raw)
0.36076891609741696,0.2631578947368421,247,Team assists (raw)
0.45539941765793157,0.3929824561403509,570,Team assists (raw)
0.5496678359025969,0.47668393782383417,772,Team assists (raw)
0.6435749023330686,0.6124401913875598,627,Team assists (raw)
0.7374265210577974,0.7099236641221374,262,Team assists (raw)
0.8344827108478272,0.8571428571428571,42,Team assists (raw)
0.911516032458993,0.5,2,Team assists (raw)
0.08477466888568287,0.13333333333333333,15,Team assists (calibrated)
0.164221679562629,0.14705882352941177,68,Team assists (calibrated)
0.25813542953627033,0.27876106194690264,226,Team assists (calibrated)
0.354665445055336,0.3370288248337029,451,Team assists (calibrated)
0.44978908850183363,0.4494720965309201,663,Team assists (calibrated)
0.5492282938492729,0.576271186440678,649,Team assists (calibrated)
0.6456520752756333,0.6394736842105263,380,Team assists (calibrated)
0.7371447320617408,0.7354838709677419,155,Team assists (calibrated)
0.8342548628492329,0.8823529411764706,34,Team assists (calibrated)
0.9127303410063092,0.6666666666666666,3,Team assists (calibrated)
0.18291095719736877,0.0,8,Team rebounds (raw)
0.2633225068023788,0.23076923076923078,130,Team rebounds (raw)
0.3572263996592475,0.3184855233853007,449,Team rebounds (raw)
0.452223159628788,0.4241645244215938,778,Team rebounds (raw)
0.5480331819170104,0.5006180469715699,809,Team rebounds (raw)
0.6428842478116468,0.6514745308310992,373,Team rebounds (raw)
0.7262659074316066,0.7411764705882353,85,Team rebounds (raw)
0.828592056214062,0.8333333333333334,12,Team rebounds (raw)
0.18291095719736877,0.0,8,Team rebounds (calibrated)
0.2633225068023788,0.23076923076923078,130,Team rebounds (calibrated)
0.3572263996592475,0.3184855233853007,449,Team rebounds (calibrated)
0.452223159628788,0.4241645244215938,778,Team rebounds (calibrated)
0.5480331819170104,0.5006180469715699,809,Team rebounds (calibrated)
0.6428842478116468,0.6514745308310992,373,Team rebounds (calibrated)
0.7262659074316066,0.7411764705882353,85,Team rebounds (calibrated)
0.828592056214062,0.8333333333333334,12,Team rebounds (calibrated)
0.09938361719733597,0.0,1,Team threes (raw)
0.18749916029021588,0.25,4,Team threes (raw)
0.26445217679143734,0.21428571428571427,98,Team threes (raw)
0.3568212029711055,0.31186440677966104,295,Team threes (raw)
0.4548720302632591,0.43364197530864196,648,Team threes (raw)
0.5498216718112551,0.4887039239001189,841,Team threes (raw)
0.6450118628454298,0.560067681895093,591,Team threes (raw)
0.7336994924773165,0.7086092715231788,151,Team threes (raw)
0.8325593148779779,0.6428571428571429,14,Team threes (raw)
0.9080119442301409,1.0,1,Team threes (raw)
0.17181067047706805,0.0,1,Team threes (calibrated)
0.276559019539323,0.21212121212121213,33,Team threes (calibrated)
0.36159882590638176,0.2956989247311828,372,Team threes (calibrated)
0.454627444566865,0.44879786286731965,1123,Team threes (calibrated)
0.5422122607860087,0.544689800210305,951,Team threes (calibrated)
0.6266613505631358,0.6883116883116883,154,Team threes (calibrated)
0.727522085777338,0.9,10,Team threes (calibrated)
